Unnamed: 0,date,city,state,cbsa_code,hpi_index,pct_change
0,1986-04-01,abilene,TX,10180,108.06,
1,1986-07-01,abilene,TX,10180,108.28,0.2035905978160279
2,1986-10-01,abilene,TX,10180,94.8,-12.44920576283709
3,1987-01-01,abilene,TX,10180,101.63,7.204641350210972
4,1987-04-01,abilene,TX,10180,100.89,-0.7281314572468722
5,1987-07-01,abilene,TX,10180,95.2,-5.639805729011793
6,1987-10-01,abilene,TX,10180,94.09,-1.1659663865546177
7,1988-01-01,abilene,TX,10180,82.69,-12.11605909235839
8,1988-04-01,abilene,TX,10180,87.54,5.865279961301262
9,1988-07-01,abilene,TX,10180,83.18,-4.980580306145765
10,1988-10-01,abilene,TX,10180,84.89,2.0557826400577017
11,1989-01-01,abilene,TX,10180,88.78,4.5824007539168266
12,1989-04-01,abilene,TX,10180,80.93,-8.842081549898618
13,1989-07-01,abilene,TX,10180,84.2,4.040528852094405
14,1989-10-01,abilene,TX,10180,76.42,-9.239904988123516
15,1990-01-01,abilene,TX,10180,81.58,6.752159120649037
16,1990-04-01,abilene,TX,10180,79.83,-2.1451336111792063
17,1990-07-01,abilene,TX,10180,79.49,-0.4259050482274928
18,1990-10-01,abilene,TX,10180,82.68,4.013083406717843
19,1991-01-01,abilene,TX,10180,83.67,1.197387518142223
20,1991-04-01,abilene,TX,10180,87.81,4.948010039440653
21,1991-07-01,abilene,TX,10180,88.38,0.6491288008199536
22,1991-10-01,abilene,TX,10180,83.71,-5.2840009051821735
23,1992-01-01,abilene,TX,10180,93.31,11.468163899175732
24,1992-04-01,abilene,TX,10180,90.94,-2.53992069445933
25,1992-07-01,abilene,TX,10180,91.99,1.1546074334726208
26,1992-10-01,abilene,TX,10180,92.6,0.663115556038707
27,1993-01-01,abilene,TX,10180,94.69,2.2570194384449183
28,1993-04-01,abilene,TX,10180,97.51,2.97813919104446
29,1993-07-01,abilene,TX,10180,96.91,-0.6153215054866212
30,1993-10-01,abilene,TX,10180,99.49,2.6622639562480677
31,1994-01-01,abilene,TX,10180,98.06,-1.437330384963309
32,1994-04-01,abilene,TX,10180,100.31,2.2945135631246227
33,1994-07-01,abilene,TX,10180,99.2,-1.1065696341341802
34,1994-10-01,abilene,TX,10180,96.99,-2.227822580645167
35,1995-01-01,abilene,TX,10180,100.0,3.1034127229611297
36,1995-04-01,abilene,TX,10180,101.97,1.970000000000005
37,1995-07-01,abilene,TX,10180,100.69,-1.2552711581837794
38,1995-10-01,abilene,TX,10180,102.37,1.6684874366868607
39,1996-01-01,abilene,TX,10180,105.42,2.979388492722479
40,1996-04-01,abilene,TX,10180,106.53,1.0529311326124002
41,1996-07-01,abilene,TX,10180,105.62,-0.8542194686942617
42,1996-10-01,abilene,TX,10180,105.7,0.0757432304487659
43,1997-01-01,abilene,TX,10180,105.53,-0.160832544938505
44,1997-04-01,abilene,TX,10180,105.62,0.085283805552927
45,1997-07-01,abilene,TX,10180,108.83,3.039197121757242
46,1997-10-01,abilene,TX,10180,109.55,0.6615822842966024
47,1998-01-01,abilene,TX,10180,109.72,0.1551802829758086
48,1998-04-01,abilene,TX,10180,108.21,-1.376230404666423
49,1998-07-01,abilene,TX,10180,110.86,2.44894187228537
50,1998-10-01,abilene,TX,10180,112.18,1.1906909615731598
51,1999-01-01,abilene,TX,10180,112.52,0.3030843287573415
52,1999-04-01,abilene,TX,10180,113.83,1.1642374688944246
53,1999-07-01,abilene,TX,10180,114.98,1.0102784854607805
54,1999-10-01,abilene,TX,10180,115.91,0.8088363193598846
55,2000-01-01,abilene,TX,10180,114.48,-1.2337158139936075
56,2000-04-01,abilene,TX,10180,114.11,-0.323200559049619
57,2000-07-01,abilene,TX,10180,115.67,1.367101919200775
58,2000-10-01,abilene,TX,10180,118.6,2.5330682112907343
59,2001-01-01,abilene,TX,10180,118.74,0.1180438448566523
60,2001-04-01,abilene,TX,10180,120.25,1.2716860367188776
61,2001-07-01,abilene,TX,10180,119.12,-0.9397089397089388
62,2001-10-01,abilene,TX,10180,123.57,3.73572867696439
63,2002-01-01,abilene,TX,10180,122.91,-0.5341102209274085
64,2002-04-01,abilene,TX,10180,121.85,-0.8624196566593412
65,2002-07-01,abilene,TX,10180,123.54,1.3869511694706738
66,2002-10-01,abilene,TX,10180,127.17,2.9383195726080613
67,2003-01-01,abilene,TX,10180,126.5,-0.5268538177243043
68,2003-04-01,abilene,TX,10180,127.39,0.7035573122529559
69,2003-07-01,abilene,TX,10180,128.06,0.5259439516445585
70,2003-10-01,abilene,TX,10180,126.48,-1.2337966578166435
71,2004-01-01,abilene,TX,10180,130.37,3.0755850727387735
72,2004-04-01,abilene,TX,10180,132.22,1.4190381222673798
73,2004-07-01,abilene,TX,10180,133.59,1.0361518680986226
74,2004-10-01,abilene,TX,10180,134.89,0.9731267310427284
75,2005-01-01,abilene,TX,10180,137.42,1.8756023426495627
76,2005-04-01,abilene,TX,10180,142.31,3.5584339979624513
77,2005-07-01,abilene,TX,10180,142.86,0.3864802192397043
78,2005-10-01,abilene,TX,10180,145.23,1.6589668206635766
79,2006-01-01,abilene,TX,10180,150.89,3.8972664050127337
80,2006-04-01,abilene,TX,10180,151.56,0.4440320763470229
81,2006-07-01,abilene,TX,10180,155.56,2.639218791237785
82,2006-10-01,abilene,TX,10180,157.77,1.420673695037289
83,2007-01-01,abilene,TX,10180,162.42,2.947328389427639
84,2007-04-01,abilene,TX,10180,164.05,1.0035709887944888
85,2007-07-01,abilene,TX,10180,163.14,-0.5547089302042174
86,2007-10-01,abilene,TX,10180,163.62,0.2942258183155744
87,2008-01-01,abilene,TX,10180,165.61,1.2162327343845591
88,2008-04-01,abilene,TX,10180,164.99,-0.3743735281685922
89,2008-07-01,abilene,TX,10180,166.16,0.7091338869022357
90,2008-10-01,abilene,TX,10180,169.46,1.9860375541646655
91,2009-01-01,abilene,TX,10180,170.52,0.6255163460403557
92,2009-04-01,abilene,TX,10180,169.89,-0.3694581280788367
93,2009-07-01,abilene,TX,10180,170.25,0.2119018188239563
94,2009-10-01,abilene,TX,10180,170.1,-0.0881057268722451
95,2010-01-01,abilene,TX,10180,170.89,0.4644326866549031
96,2010-04-01,abilene,TX,10180,169.1,-1.0474574287553384
97,2010-07-01,abilene,TX,10180,171.22,1.2536960378474404
98,2010-10-01,abilene,TX,10180,170.27,-0.5548417240976433
99,2011-01-01,abilene,TX,10180,168.6,-0.9807952076114512
100,2011-04-01,abilene,TX,10180,167.59,-0.5990510083036749
101,2011-07-01,abilene,TX,10180,169.46,1.1158183662509646
102,2011-10-01,abilene,TX,10180,167.85,-0.950076714268866
103,2012-01-01,abilene,TX,10180,168.7,0.5064045278522444
104,2012-04-01,abilene,TX,10180,170.47,1.0491997628927052
105,2012-07-01,abilene,TX,10180,174.27,2.2291312254355766
106,2012-10-01,abilene,TX,10180,171.02,-1.8649222470878524
107,2013-01-01,abilene,TX,10180,173.4,1.3916500994035852
108,2013-04-01,abilene,TX,10180,174.15,0.4325259515570945
109,2013-07-01,abilene,TX,10180,178.8,2.670111972437561
110,2013-10-01,abilene,TX,10180,182.55,2.097315436241609
111,2014-01-01,abilene,TX,10180,183.13,0.3177211722815487
112,2014-04-01,abilene,TX,10180,186.0,1.5671927046360556
113,2014-07-01,abilene,TX,10180,188.57,1.3817204301075137
114,2014-10-01,abilene,TX,10180,189.8,0.6522776687702292
115,2015-01-01,abilene,TX,10180,185.48,-2.27608008429927
116,2015-04-01,abilene,TX,10180,190.81,2.8736251886996023
117,2015-07-01,abilene,TX,10180,194.29,1.8238037838687715
118,2015-10-01,abilene,TX,10180,196.14,0.9521848782747312
119,2016-01-01,abilene,TX,10180,196.51,0.1886407667992307
120,2016-04-01,abilene,TX,10180,198.48,1.002493511780567
121,2016-07-01,abilene,TX,10180,201.95,1.7482869810560242
122,2016-10-01,abilene,TX,10180,205.01,1.5152265412230692
123,2017-01-01,abilene,TX,10180,200.87,-2.019413687137206
124,2017-04-01,abilene,TX,10180,208.22,3.659082988997864
125,2017-07-01,abilene,TX,10180,211.85,1.7433483815195494
126,2017-10-01,abilene,TX,10180,209.97,-0.8874203445834339
127,2018-01-01,abilene,TX,10180,210.06,0.0428632661808814
128,2018-04-01,abilene,TX,10180,220.64,5.036656193468536
129,2018-07-01,abilene,TX,10180,217.57,-1.3914068165337137
130,2018-10-01,abilene,TX,10180,224.72,3.2862986624994317
131,2019-01-01,abilene,TX,10180,219.63,-2.265040939836238
132,2019-04-01,abilene,TX,10180,225.64,2.7364203433046352
133,2019-07-01,abilene,TX,10180,227.77,0.943981563552576
134,2019-10-01,abilene,TX,10180,230.08,1.0141809720331851
135,2020-01-01,abilene,TX,10180,230.5,0.1825452016689821
136,2020-04-01,abilene,TX,10180,233.17,1.1583514099783088
137,2020-07-01,abilene,TX,10180,238.03,2.084316164172062
138,2020-10-01,abilene,TX,10180,241.53,1.4704028903919752
139,2021-01-01,abilene,TX,10180,242.74,0.5009729640210292
140,2021-04-01,abilene,TX,10180,260.83,7.452418225261592
141,2021-07-01,abilene,TX,10180,274.07,5.076103208986704
142,2021-10-01,abilene,TX,10180,287.26,4.812639106797523
143,2022-01-01,abilene,TX,10180,290.06,0.9747267283993556
144,2022-04-01,abilene,TX,10180,306.03,5.505757429497327
145,2022-07-01,abilene,TX,10180,307.31,0.4182596477469547
146,2022-10-01,abilene,TX,10180,297.52,-3.185708242491303
147,2023-01-01,abilene,TX,10180,320.79,7.821322936273201
148,2023-04-01,abilene,TX,10180,319.53,-0.3927803235761806
149,2023-07-01,abilene,TX,10180,324.92,1.686852564704422
150,2023-10-01,abilene,TX,10180,342.93,5.5429028683983805
151,2024-01-01,abilene,TX,10180,322.99,-5.81459773131543
152,2024-04-01,abilene,TX,10180,338.61,4.836063036007299
153,2024-07-01,abilene,TX,10180,335.05,-1.0513570183987464
154,2024-10-01,abilene,TX,10180,348.58,4.038203253245776
155,2025-01-01,abilene,TX,10180,338.42,-2.9146824258419746
156,2025-04-01,abilene,TX,10180,354.62,4.786951125819994
157,2025-07-01,abilene,TX,10180,343.73,-3.070892786644852
158,1976-07-01,akron,OH,10420,40.23,
159,1976-10-01,akron,OH,10420,38.97,-3.1319910514541305
160,1977-01-01,akron,OH,10420,40.46,3.823453938927379
161,1977-04-01,akron,OH,10420,42.43,4.869006426099842
162,1977-07-01,akron,OH,10420,44.15,4.0537355644591155
163,1977-10-01,akron,OH,10420,44.8,1.4722536806341946
164,1978-01-01,akron,OH,10420,48.27,7.745535714285734
165,1978-04-01,akron,OH,10420,49.48,2.5067329604308908
166,1978-07-01,akron,OH,10420,49.0,-0.9700889248181022
167,1978-10-01,akron,OH,10420,53.01,8.183673469387752
168,1979-01-01,akron,OH,10420,53.62,1.150726278060743
169,1979-04-01,akron,OH,10420,55.89,4.233494964565465
170,1979-07-01,akron,OH,10420,56.22,0.5904455179817525
171,1979-10-01,akron,OH,10420,55.78,-0.782639630024895
172,1980-01-01,akron,OH,10420,55.81,0.0537827178200167
173,1980-04-01,akron,OH,10420,56.94,2.024726751478223
174,1980-07-01,akron,OH,10420,56.23,-1.2469265893923498
175,1980-10-01,akron,OH,10420,57.11,1.5650008892050593
176,1981-01-01,akron,OH,10420,56.46,-1.138154438802308
177,1981-04-01,akron,OH,10420,56.61,0.2656748140276166
178,1981-07-01,akron,OH,10420,56.72,0.1943119590178454
179,1981-10-01,akron,OH,10420,54.54,-3.843441466854725
180,1982-01-01,akron,OH,10420,48.25,-11.532819948661531
181,1982-04-01,akron,OH,10420,53.07,9.989637305699484
182,1982-07-01,akron,OH,10420,52.16,-1.7147164122856662
183,1982-10-01,akron,OH,10420,55.59,6.575920245398792
184,1983-01-01,akron,OH,10420,56.71,2.0147508544702264
185,1983-04-01,akron,OH,10420,58.16,2.5568682771997864
186,1983-07-01,akron,OH,10420,57.94,-0.3782668500687758
187,1983-10-01,akron,OH,10420,56.64,-2.2437003797031396
188,1984-01-01,akron,OH,10420,56.89,0.4413841807909602
189,1984-04-01,akron,OH,10420,57.83,1.652311478291435
190,1984-07-01,akron,OH,10420,56.84,-1.7119142313677949
191,1984-10-01,akron,OH,10420,57.51,1.1787473610133548
192,1985-01-01,akron,OH,10420,58.62,1.930099113197703
193,1985-04-01,akron,OH,10420,59.05,0.7335380416240156
194,1985-07-01,akron,OH,10420,59.47,0.7112616426756979
195,1985-10-01,akron,OH,10420,59.88,0.6894232386077004
196,1986-01-01,akron,OH,10420,61.45,2.621910487641954
197,1986-04-01,akron,OH,10420,61.84,0.6346623270951923
198,1986-07-01,akron,OH,10420,63.34,2.425614489003891
199,1986-10-01,akron,OH,10420,63.9,0.8841174613198444
200,1987-01-01,akron,OH,10420,65.06,1.8153364632237825
201,1987-04-01,akron,OH,10420,66.94,2.889640332001231
202,1987-07-01,akron,OH,10420,67.78,1.254855094114138
203,1987-10-01,akron,OH,10420,68.01,0.3393331366184693
204,1988-01-01,akron,OH,10420,69.8,2.631965887369492
205,1988-04-01,akron,OH,10420,70.59,1.1318051575931245
206,1988-07-01,akron,OH,10420,71.16,0.8074798130046634
207,1988-10-01,akron,OH,10420,71.82,0.9274873524451888
208,1989-01-01,akron,OH,10420,71.8,-0.0278473962684433
209,1989-04-01,akron,OH,10420,73.85,2.8551532033426197
210,1989-07-01,akron,OH,10420,77.02,4.292484766418414
211,1989-10-01,akron,OH,10420,76.82,-0.2596728122565617
212,1990-01-01,akron,OH,10420,79.27,3.1892736266597277
213,1990-04-01,akron,OH,10420,78.5,-0.9713636937050518
214,1990-07-01,akron,OH,10420,80.62,2.700636942675172
215,1990-10-01,akron,OH,10420,80.66,0.0496154800297521
216,1991-01-01,akron,OH,10420,81.95,1.599305727746092
217,1991-04-01,akron,OH,10420,83.05,1.342281879194629
218,1991-07-01,akron,OH,10420,84.03,1.1800120409392043
219,1991-10-01,akron,OH,10420,84.87,0.9996429846483412
220,1992-01-01,akron,OH,10420,86.9,2.39189348415223
221,1992-04-01,akron,OH,10420,87.31,0.4718066743383264
222,1992-07-01,akron,OH,10420,89.1,2.05016607490549
223,1992-10-01,akron,OH,10420,90.1,1.122334455667784
224,1993-01-01,akron,OH,10420,91.04,1.043285238623759
225,1993-04-01,akron,OH,10420,91.98,1.0325131810193344
226,1993-07-01,akron,OH,10420,93.75,1.924331376386168
227,1993-10-01,akron,OH,10420,95.31,1.6639999999999988
228,1994-01-01,akron,OH,10420,95.63,0.3357465113839053
229,1994-04-01,akron,OH,10420,96.73,1.1502666527240413
230,1994-07-01,akron,OH,10420,98.59,1.9228781143388884
231,1994-10-01,akron,OH,10420,98.56,-0.0304290495993564
232,1995-01-01,akron,OH,10420,100.0,1.4610389610389518
233,1995-04-01,akron,OH,10420,101.45,1.4499999999999955
234,1995-07-01,akron,OH,10420,103.31,1.833415475603739
235,1995-10-01,akron,OH,10420,104.61,1.2583486593746862
236,1996-01-01,akron,OH,10420,107.08,2.3611509415925713
237,1996-04-01,akron,OH,10420,107.26,0.1680986178558052
238,1996-07-01,akron,OH,10420,108.23,0.904344583255634
239,1996-10-01,akron,OH,10420,109.94,1.579968585419933
240,1997-01-01,akron,OH,10420,110.9,0.8732035655812265
241,1997-04-01,akron,OH,10420,111.89,0.8926961226330077
242,1997-07-01,akron,OH,10420,114.09,1.9662168200911712
243,1997-10-01,akron,OH,10420,115.31,1.0693312297309188
244,1998-01-01,akron,OH,10420,117.38,1.7951608706963773
245,1998-04-01,akron,OH,10420,118.39,0.8604532288294386
246,1998-07-01,akron,OH,10420,119.68,1.0896190556634933
247,1998-10-01,akron,OH,10420,121.19,1.2616978609625518
248,1999-01-01,akron,OH,10420,122.22,0.8499051076821473
249,1999-04-01,akron,OH,10420,123.48,1.0309278350515427
250,1999-07-01,akron,OH,10420,123.69,0.1700680272108901
251,1999-10-01,akron,OH,10420,124.04,0.2829654782116719
252,2000-01-01,akron,OH,10420,124.1,0.0483714930667344
253,2000-04-01,akron,OH,10420,125.84,1.4020950846092006
254,2000-07-01,akron,OH,10420,127.96,1.684678957406227
255,2000-10-01,akron,OH,10420,129.36,1.0940919037199182
256,2001-01-01,akron,OH,10420,132.11,2.1258503401360596
257,2001-04-01,akron,OH,10420,133.34,0.9310423132238288
258,2001-07-01,akron,OH,10420,134.41,0.8024598770061342
259,2001-10-01,akron,OH,10420,136.28,1.3912655308384814
260,2002-01-01,akron,OH,10420,136.74,0.3375403580863079
261,2002-04-01,akron,OH,10420,136.99,0.1828287260494443
262,2002-07-01,akron,OH,10420,138.75,1.2847653113365889
263,2002-10-01,akron,OH,10420,139.8,0.7567567567567712
264,2003-01-01,akron,OH,10420,140.7,0.6437768240343145
265,2003-04-01,akron,OH,10420,141.55,0.6041222459133078
266,2003-07-01,akron,OH,10420,142.94,0.9819851642528964
267,2003-10-01,akron,OH,10420,143.19,0.1748985588358786
268,2004-01-01,akron,OH,10420,144.46,0.8869334450729793
269,2004-04-01,akron,OH,10420,145.38,0.6368544925930975
270,2004-07-01,akron,OH,10420,146.1,0.4952538175815091
271,2004-10-01,akron,OH,10420,147.48,0.944558521560568
272,2005-01-01,akron,OH,10420,148.87,0.9425006780580558
273,2005-04-01,akron,OH,10420,150.04,0.7859206018673959
274,2005-07-01,akron,OH,10420,151.6,1.0397227406025111
275,2005-10-01,akron,OH,10420,151.94,0.2242744063324586
276,2006-01-01,akron,OH,10420,152.6,0.434381992891919
277,2006-04-01,akron,OH,10420,149.96,-1.730013106159889
278,2006-07-01,akron,OH,10420,149.06,-0.6001600426780551
279,2006-10-01,akron,OH,10420,150.91,1.241110962028702
280,2007-01-01,akron,OH,10420,150.14,-0.5102378901332028
281,2007-04-01,akron,OH,10420,148.38,-1.1722392433728412
282,2007-07-01,akron,OH,10420,146.83,-1.044615177247599
283,2007-10-01,akron,OH,10420,146.38,-0.3064768780222104
284,2008-01-01,akron,OH,10420,147.1,0.49187047410848
285,2008-04-01,akron,OH,10420,145.33,-1.2032630863358151
286,2008-07-01,akron,OH,10420,140.85,-3.0826395100805204
287,2008-10-01,akron,OH,10420,140.64,-0.149094781682646
288,2009-01-01,akron,OH,10420,143.94,2.3464163822525697
289,2009-04-01,akron,OH,10420,140.14,-2.6399888842573382
290,2009-07-01,akron,OH,10420,137.47,-1.9052376195233256
291,2009-10-01,akron,OH,10420,137.51,0.0290972575834658
292,2010-01-01,akron,OH,10420,135.11,-1.7453276125372508
293,2010-04-01,akron,OH,10420,135.03,-0.0592110132484724
294,2010-07-01,akron,OH,10420,136.42,1.02940087387986
295,2010-10-01,akron,OH,10420,135.85,-0.4178272980501329
296,2011-01-01,akron,OH,10420,132.33,-2.5910931174088936
297,2011-04-01,akron,OH,10420,128.77,-2.6902440867528132
298,2011-07-01,akron,OH,10420,130.19,1.1027413217364224
299,2011-10-01,akron,OH,10420,129.67,-0.3994162378062937
300,2012-01-01,akron,OH,10420,126.58,-2.3829721600987064
301,2012-04-01,akron,OH,10420,126.17,-0.323905830304938
302,2012-07-01,akron,OH,10420,127.2,0.8163588808750122
303,2012-10-01,akron,OH,10420,127.97,0.6053459119496729
304,2013-01-01,akron,OH,10420,127.78,-0.1484722981948905
305,2013-04-01,akron,OH,10420,128.34,0.4382532477696044
306,2013-07-01,akron,OH,10420,128.75,0.3194639239519903
307,2013-10-01,akron,OH,10420,129.55,0.6213592233009768
308,2014-01-01,akron,OH,10420,127.96,-1.2273253570050269
309,2014-04-01,akron,OH,10420,131.52,2.782119412316364
310,2014-07-01,akron,OH,10420,134.25,2.075729927007286
311,2014-10-01,akron,OH,10420,133.68,-0.4245810055865884
312,2015-01-01,akron,OH,10420,134.1,0.314183123877898
313,2015-04-01,akron,OH,10420,137.72,2.6994780014914177
314,2015-07-01,akron,OH,10420,135.78,-1.4086552425210508
315,2015-10-01,akron,OH,10420,139.58,2.7986448666961428
316,2016-01-01,akron,OH,10420,137.95,-1.1677890815303238
317,2016-04-01,akron,OH,10420,140.88,2.123957955781086
318,2016-07-01,akron,OH,10420,142.32,1.0221465076660996
319,2016-10-01,akron,OH,10420,141.77,-0.3864530635188212
320,2017-01-01,akron,OH,10420,142.31,0.380898638640037
321,2017-04-01,akron,OH,10420,146.1,2.663200056215298
322,2017-07-01,akron,OH,10420,147.21,0.7597535934291688
323,2017-10-01,akron,OH,10420,149.06,1.2567081040690151
324,2018-01-01,akron,OH,10420,150.38,0.885549443177247
325,2018-04-01,akron,OH,10420,151.9,1.0107727091368537
326,2018-07-01,akron,OH,10420,156.73,3.1797235023041326
327,2018-10-01,akron,OH,10420,154.6,-1.3590250749696886
328,2019-01-01,akron,OH,10420,156.91,1.4941785252263973
329,2019-04-01,akron,OH,10420,160.27,2.1413549168313173
330,2019-07-01,akron,OH,10420,162.27,1.2478941785736497
331,2019-10-01,akron,OH,10420,163.94,1.029148949282055
332,2020-01-01,akron,OH,10420,165.98,1.2443576918384824
333,2020-04-01,akron,OH,10420,167.1,0.6747800939872262
334,2020-07-01,akron,OH,10420,171.27,2.4955116696588897
335,2020-10-01,akron,OH,10420,175.6,2.5281718923337415
336,2021-01-01,akron,OH,10420,178.17,1.4635535307517156
337,2021-04-01,akron,OH,10420,186.2,4.5069315821967715
338,2021-07-01,akron,OH,10420,196.67,5.6229860365198725
339,2021-10-01,akron,OH,10420,200.43,1.9118320028474136
340,2022-01-01,akron,OH,10420,206.06,2.8089607344209844
341,2022-04-01,akron,OH,10420,217.73,5.663399009997083
342,2022-07-01,akron,OH,10420,222.51,2.1953795985854008
343,2022-10-01,akron,OH,10420,219.45,-1.3752190912768023
344,2023-01-01,akron,OH,10420,218.62,-0.3782182729551109
345,2023-04-01,akron,OH,10420,229.06,4.775409386149487
346,2023-07-01,akron,OH,10420,237.31,3.601676416659383
347,2023-10-01,akron,OH,10420,238.69,0.581517845855628
348,2024-01-01,akron,OH,10420,239.32,0.2639406761908658
349,2024-04-01,akron,OH,10420,254.13,6.1883670399465185
350,2024-07-01,akron,OH,10420,253.01,-0.4407193168850631
351,2024-10-01,akron,OH,10420,257.0,1.5770127662938282
352,2025-01-01,akron,OH,10420,258.51,0.5875486381322848
353,2025-04-01,akron,OH,10420,264.71,2.3983598313411347
354,2025-07-01,akron,OH,10420,267.95,1.223980960296167
355,1985-10-01,albany,GA,10500,83.34,
356,1986-01-01,albany,GA,10500,84.63,1.5478761699063923
357,1986-04-01,albany,GA,10500,84.79,0.1890582535744034
358,1986-07-01,albany,GA,10500,89.19,5.1892911899988015
359,1986-10-01,albany,GA,10500,86.97,-2.4890682811974374
360,1987-01-01,albany,GA,10500,87.53,0.6439001954697154
361,1987-04-01,albany,GA,10500,88.03,0.5712327202102241
362,1987-07-01,albany,GA,10500,86.94,-1.2382142451437097
363,1987-10-01,albany,GA,10500,85.32,-1.8633540372670845
364,1988-01-01,albany,GA,10500,90.15,5.661040787623084
365,1988-04-01,albany,GA,10500,89.02,-1.2534664448142108
366,1988-07-01,albany,GA,10500,87.63,-1.5614468658728398
367,1988-10-01,albany,GA,10500,88.55,1.049868766404205
368,1989-01-01,albany,GA,10500,83.21,-6.030491247882552
369,1989-04-01,albany,GA,10500,88.61,6.489604614829947
370,1989-07-01,albany,GA,10500,86.67,-2.1893691456946196
371,1989-10-01,albany,GA,10500,90.23,4.1075343256028685
372,1990-01-01,albany,GA,10500,86.82,-3.779230854482995
373,1990-04-01,albany,GA,10500,90.85,4.64178760654228
374,1990-07-01,albany,GA,10500,94.17,3.6543753439735926
375,1990-10-01,albany,GA,10500,90.24,-4.17330359987258
376,1991-01-01,albany,GA,10500,91.5,1.3962765957446832
377,1991-04-01,albany,GA,10500,90.8,-0.7650273224043769
378,1991-07-01,albany,GA,10500,93.53,3.0066079295154147
379,1991-10-01,albany,GA,10500,90.67,-3.057842403506894
380,1992-01-01,albany,GA,10500,92.57,2.0955111944413796
381,1992-04-01,albany,GA,10500,93.5,1.0046451334125628
382,1992-07-01,albany,GA,10500,94.32,0.8770053475935846
383,1992-10-01,albany,GA,10500,94.91,0.6255301102629396
384,1993-01-01,albany,GA,10500,96.2,1.35918238331052
385,1993-04-01,albany,GA,10500,96.57,0.3846153846153832
386,1993-07-01,albany,GA,10500,97.61,1.0769390079734986
387,1993-10-01,albany,GA,10500,97.22,-0.3995492265136735
388,1994-01-01,albany,GA,10500,97.33,0.1131454433244139
389,1994-04-01,albany,GA,10500,97.71,0.3904243296003251
390,1994-07-01,albany,GA,10500,101.49,3.868590727663501
391,1994-10-01,albany,GA,10500,99.76,-1.7046014385653674
392,1995-01-01,albany,GA,10500,100.0,0.2405773857257376
393,1995-04-01,albany,GA,10500,101.96,1.959999999999984
394,1995-07-01,albany,GA,10500,102.6,0.6276971361318218
395,1995-10-01,albany,GA,10500,104.36,1.7153996101364477
396,1996-01-01,albany,GA,10500,104.7,0.3257953238788857
397,1996-04-01,albany,GA,10500,107.14,2.3304680038204406
398,1996-07-01,albany,GA,10500,109.02,1.7547134590255808
399,1996-10-01,albany,GA,10500,108.38,-0.5870482480278882
400,1997-01-01,albany,GA,10500,109.49,1.0241742018822553
401,1997-04-01,albany,GA,10500,110.12,0.5753950132432184
402,1997-07-01,albany,GA,10500,111.11,0.8990192517253748
403,1997-10-01,albany,GA,10500,114.85,3.3660336603366092
404,1998-01-01,albany,GA,10500,114.22,-0.5485415759686529
405,1998-04-01,albany,GA,10500,114.59,0.323936263351432
406,1998-07-01,albany,GA,10500,116.96,2.068243302207873
407,1998-10-01,albany,GA,10500,116.21,-0.6412448700410356
408,1999-01-01,albany,GA,10500,118.2,1.712417175802439
409,1999-04-01,albany,GA,10500,117.48,-0.6091370558375608
410,1999-07-01,albany,GA,10500,118.84,1.1576438542730605
411,1999-10-01,albany,GA,10500,120.73,1.5903736115785885
412,2000-01-01,albany,GA,10500,122.26,1.2672906485546198
413,2000-04-01,albany,GA,10500,121.4,-0.703418943235723
414,2000-07-01,albany,GA,10500,122.91,1.2438220757825302
415,2000-10-01,albany,GA,10500,122.73,-0.1464486209421522
416,2001-01-01,albany,GA,10500,126.06,2.7132730383769177
417,2001-04-01,albany,GA,10500,127.05,0.7853403141361293
418,2001-07-01,albany,GA,10500,127.85,0.6296733569460811
419,2001-10-01,albany,GA,10500,127.77,-0.0625733281188867
420,2002-01-01,albany,GA,10500,128.22,0.3521953510213782
421,2002-04-01,albany,GA,10500,130.27,1.5988145375136489
422,2002-07-01,albany,GA,10500,131.67,1.0746910263299103
423,2002-10-01,albany,GA,10500,133.35,1.2759170653907637
424,2003-01-01,albany,GA,10500,132.95,-0.2999625046869236
425,2003-04-01,albany,GA,10500,135.9,2.218879277924035
426,2003-07-01,albany,GA,10500,135.74,-0.1177336276674045
427,2003-10-01,albany,GA,10500,139.63,2.8657728009429784
428,2004-01-01,albany,GA,10500,139.27,-0.2578242498030403
429,2004-04-01,albany,GA,10500,140.1,0.5959646729374546
430,2004-07-01,albany,GA,10500,141.37,0.906495360456816
431,2004-10-01,albany,GA,10500,143.87,1.7684091391384271
432,2005-01-01,albany,GA,10500,143.96,0.0625564745951212
433,2005-04-01,albany,GA,10500,148.74,3.320366768546812
434,2005-07-01,albany,GA,10500,149.46,0.4840661557079517
435,2005-10-01,albany,GA,10500,155.87,4.288772915830319
436,2006-01-01,albany,GA,10500,155.27,-0.3849361647526694
437,2006-04-01,albany,GA,10500,158.68,2.19617440587363
438,2006-07-01,albany,GA,10500,158.16,-0.3277035543231776
439,2006-10-01,albany,GA,10500,161.85,2.3330804248861803
440,2007-01-01,albany,GA,10500,164.11,1.3963546493667156
441,2007-04-01,albany,GA,10500,164.73,0.3777953811467727
442,2007-07-01,albany,GA,10500,165.97,0.7527469192011305
443,2007-10-01,albany,GA,10500,166.45,0.2892088931734538
444,2008-01-01,albany,GA,10500,170.43,2.3911084409732775
445,2008-04-01,albany,GA,10500,168.32,-1.238044945138772
446,2008-07-01,albany,GA,10500,164.49,-2.2754277566539804
447,2008-10-01,albany,GA,10500,165.72,0.7477658216304972
448,2009-01-01,albany,GA,10500,165.9,0.1086169442433115
449,2009-04-01,albany,GA,10500,164.75,-0.6931886678722132
450,2009-07-01,albany,GA,10500,162.26,-1.5113808801214046
451,2009-10-01,albany,GA,10500,160.88,-0.8504868729199977
452,2010-01-01,albany,GA,10500,161.58,0.4351069119840955
453,2010-04-01,albany,GA,10500,154.35,-4.474563683624222
454,2010-07-01,albany,GA,10500,158.59,2.747003563330108
455,2010-10-01,albany,GA,10500,158.27,-0.2017781701242116
456,2011-01-01,albany,GA,10500,152.94,-3.3676628546155385
457,2011-04-01,albany,GA,10500,151.89,-0.6865437426441856
458,2011-07-01,albany,GA,10500,148.38,-2.310882875765352
459,2011-10-01,albany,GA,10500,150.02,1.1052702520555346
460,2012-01-01,albany,GA,10500,147.08,-1.959738701506464
461,2012-04-01,albany,GA,10500,145.65,-0.9722599945607868
462,2012-07-01,albany,GA,10500,146.68,0.7071747339512546
463,2012-10-01,albany,GA,10500,147.78,0.7499318243795905
464,2013-01-01,albany,GA,10500,146.14,-1.1097577480038034
465,2013-04-01,albany,GA,10500,150.13,2.7302586560832065
466,2013-07-01,albany,GA,10500,146.48,-2.431226270565512
467,2013-10-01,albany,GA,10500,144.65,-1.2493173129437318
468,2014-01-01,albany,GA,10500,147.48,1.956446595229844
469,2014-04-01,albany,GA,10500,140.45,-4.766748033631685
470,2014-07-01,albany,GA,10500,142.53,1.4809540761836937
471,2014-10-01,albany,GA,10500,144.21,1.1786992212165837
472,2015-01-01,albany,GA,10500,144.05,-0.1109493100339809
473,2015-04-01,albany,GA,10500,144.4,0.2429711905588272
474,2015-07-01,albany,GA,10500,145.34,0.6509695290858764
475,2015-10-01,albany,GA,10500,142.72,-1.802669602311824
476,2016-01-01,albany,GA,10500,143.9,0.8267937219730959
477,2016-04-01,albany,GA,10500,147.18,2.279360667129948
478,2016-07-01,albany,GA,10500,148.05,0.5911129229514867
479,2016-10-01,albany,GA,10500,146.39,-1.1212428233705052
480,2017-01-01,albany,GA,10500,150.66,2.9168659061411306
481,2017-04-01,albany,GA,10500,149.25,-0.935882118677811
482,2017-07-01,albany,GA,10500,149.56,0.2077051926298256
483,2017-10-01,albany,GA,10500,151.74,1.457608986360004
484,2018-01-01,albany,GA,10500,155.55,2.510873863187024
485,2018-04-01,albany,GA,10500,150.24,-3.413693346190938
486,2018-07-01,albany,GA,10500,151.55,0.8719382321618729
487,2018-10-01,albany,GA,10500,156.15,3.0353018805674647
488,2019-01-01,albany,GA,10500,157.32,0.7492795389048901
489,2019-04-01,albany,GA,10500,158.92,1.017035341978123
490,2019-07-01,albany,GA,10500,158.56,-0.2265290712307965
491,2019-10-01,albany,GA,10500,161.18,1.6523713420787178
492,2020-01-01,albany,GA,10500,162.05,0.5397692021342548
493,2020-04-01,albany,GA,10500,164.1,1.2650416538105391
494,2020-07-01,albany,GA,10500,165.49,0.847044485070092
495,2020-10-01,albany,GA,10500,167.23,1.051423046709754
496,2021-01-01,albany,GA,10500,175.32,4.837648747234358
497,2021-04-01,albany,GA,10500,178.51,1.819530002281544
498,2021-07-01,albany,GA,10500,187.86,5.237801803820519
499,2021-10-01,albany,GA,10500,198.02,5.4082827637602415
