RegionID,SizeRank,RegionName,RegionType,StateName,date,price
394297,677,"Aberdeen, SD",msa,SD,2009-02-28,126009.19589560638
394297,677,"Aberdeen, SD",msa,SD,2009-03-31,126022.01646647375
394297,677,"Aberdeen, SD",msa,SD,2009-04-30,125830.1976545354
394297,677,"Aberdeen, SD",msa,SD,2009-05-31,125721.59853426037
394297,677,"Aberdeen, SD",msa,SD,2009-06-30,125532.24085543863
394297,677,"Aberdeen, SD",msa,SD,2009-07-31,125398.46941705156
394297,677,"Aberdeen, SD",msa,SD,2009-08-31,125187.73717374908
394297,677,"Aberdeen, SD",msa,SD,2009-09-30,124975.49210771876
394297,677,"Aberdeen, SD",msa,SD,2009-10-31,124883.68432447668
394297,677,"Aberdeen, SD",msa,SD,2009-11-30,124827.98874866344
394297,677,"Aberdeen, SD",msa,SD,2009-12-31,124858.50531643868
394297,677,"Aberdeen, SD",msa,SD,2010-01-31,124884.63883463047
394297,677,"Aberdeen, SD",msa,SD,2010-02-28,124862.27237134028
394297,677,"Aberdeen, SD",msa,SD,2010-03-31,124899.6202647864
394297,677,"Aberdeen, SD",msa,SD,2010-04-30,125035.02279928177
394297,677,"Aberdeen, SD",msa,SD,2010-05-31,125385.3327889765
394297,677,"Aberdeen, SD",msa,SD,2010-06-30,125718.93981938648
394297,677,"Aberdeen, SD",msa,SD,2010-07-31,126068.20520816882
394297,677,"Aberdeen, SD",msa,SD,2010-08-31,126325.6122850744
394297,677,"Aberdeen, SD",msa,SD,2010-09-30,126548.84708123076
394297,677,"Aberdeen, SD",msa,SD,2010-10-31,126763.36028571088
394297,677,"Aberdeen, SD",msa,SD,2010-11-30,126919.97812518304
394297,677,"Aberdeen, SD",msa,SD,2010-12-31,127056.62437453913
394297,677,"Aberdeen, SD",msa,SD,2011-01-31,127100.88651059096
394297,677,"Aberdeen, SD",msa,SD,2011-02-28,127017.81247780468
394297,677,"Aberdeen, SD",msa,SD,2011-03-31,126948.42585077124
394297,677,"Aberdeen, SD",msa,SD,2011-04-30,126775.52765514348
394297,677,"Aberdeen, SD",msa,SD,2011-05-31,126761.31011189886
394297,677,"Aberdeen, SD",msa,SD,2011-06-30,126683.897739181
394297,677,"Aberdeen, SD",msa,SD,2011-07-31,126777.70287860229
394297,677,"Aberdeen, SD",msa,SD,2011-08-31,126928.37960620776
394297,677,"Aberdeen, SD",msa,SD,2011-09-30,127148.47123854767
394297,677,"Aberdeen, SD",msa,SD,2011-10-31,127403.20092585568
394297,677,"Aberdeen, SD",msa,SD,2011-11-30,127678.95443737337
394297,677,"Aberdeen, SD",msa,SD,2011-12-31,128008.60263803604
394297,677,"Aberdeen, SD",msa,SD,2012-01-31,128256.63137278038
394297,677,"Aberdeen, SD",msa,SD,2012-02-29,128532.95063315016
394297,677,"Aberdeen, SD",msa,SD,2012-03-31,129252.05236226149
394297,677,"Aberdeen, SD",msa,SD,2012-04-30,130457.85713101666
394297,677,"Aberdeen, SD",msa,SD,2012-05-31,130457.85713101666
394297,677,"Aberdeen, SD",msa,SD,2012-06-30,133817.44961848692
394297,677,"Aberdeen, SD",msa,SD,2012-07-31,135125.66277283485
394297,677,"Aberdeen, SD",msa,SD,2012-08-31,136117.8799489068
394297,677,"Aberdeen, SD",msa,SD,2012-09-30,137143.38312899327
394297,677,"Aberdeen, SD",msa,SD,2012-10-31,138015.3735517057
394297,677,"Aberdeen, SD",msa,SD,2012-11-30,138606.97833357446
394297,677,"Aberdeen, SD",msa,SD,2012-12-31,139570.50743304586
394297,677,"Aberdeen, SD",msa,SD,2013-01-31,140446.88688275465
394297,677,"Aberdeen, SD",msa,SD,2013-02-28,141170.26292142094
394297,677,"Aberdeen, SD",msa,SD,2013-03-31,141318.85729688103
394297,677,"Aberdeen, SD",msa,SD,2013-04-30,141306.86939870234
394297,677,"Aberdeen, SD",msa,SD,2013-05-31,141469.93463620896
394297,677,"Aberdeen, SD",msa,SD,2013-06-30,141734.9165690239
394297,677,"Aberdeen, SD",msa,SD,2013-07-31,141826.0955314366
394297,677,"Aberdeen, SD",msa,SD,2013-08-31,141768.89161300028
394297,677,"Aberdeen, SD",msa,SD,2013-09-30,141660.4448110183
394297,677,"Aberdeen, SD",msa,SD,2013-10-31,142123.6432844531
394297,677,"Aberdeen, SD",msa,SD,2013-11-30,142522.1477486587
394297,677,"Aberdeen, SD",msa,SD,2013-12-31,142489.23938910474
394297,677,"Aberdeen, SD",msa,SD,2014-01-31,142255.7522165154
394297,677,"Aberdeen, SD",msa,SD,2014-02-28,141597.75978587675
394297,677,"Aberdeen, SD",msa,SD,2014-03-31,141305.3343270331
394297,677,"Aberdeen, SD",msa,SD,2014-04-30,141216.7003057275
394297,677,"Aberdeen, SD",msa,SD,2014-05-31,141826.13853809095
394297,677,"Aberdeen, SD",msa,SD,2014-06-30,142474.0116021325
394297,677,"Aberdeen, SD",msa,SD,2014-07-31,142634.97117458892
394297,677,"Aberdeen, SD",msa,SD,2014-08-31,142440.19755028017
394297,677,"Aberdeen, SD",msa,SD,2014-09-30,142209.6328710741
394297,677,"Aberdeen, SD",msa,SD,2014-10-31,142095.84666339264
394297,677,"Aberdeen, SD",msa,SD,2014-11-30,141691.3627772528
394297,677,"Aberdeen, SD",msa,SD,2014-12-31,141271.9907837312
394297,677,"Aberdeen, SD",msa,SD,2015-01-31,140692.0964884225
394297,677,"Aberdeen, SD",msa,SD,2015-02-28,140344.95933310658
394297,677,"Aberdeen, SD",msa,SD,2015-03-31,139676.35763201056
394297,677,"Aberdeen, SD",msa,SD,2015-04-30,139563.44141170077
394297,677,"Aberdeen, SD",msa,SD,2015-05-31,139476.94374728596
394297,677,"Aberdeen, SD",msa,SD,2015-06-30,139663.17672955585
394297,677,"Aberdeen, SD",msa,SD,2015-07-31,139406.69993472527
394297,677,"Aberdeen, SD",msa,SD,2015-08-31,139405.77763023894
394297,677,"Aberdeen, SD",msa,SD,2015-09-30,139689.95194288742
394297,677,"Aberdeen, SD",msa,SD,2015-10-31,140232.60337875938
394297,677,"Aberdeen, SD",msa,SD,2015-11-30,140634.55177701914
394297,677,"Aberdeen, SD",msa,SD,2015-12-31,140981.32758287544
394297,677,"Aberdeen, SD",msa,SD,2016-01-31,141313.3422024624
394297,677,"Aberdeen, SD",msa,SD,2016-02-29,141760.34180848132
394297,677,"Aberdeen, SD",msa,SD,2016-03-31,142138.90926609695
394297,677,"Aberdeen, SD",msa,SD,2016-04-30,142377.72463370673
394297,677,"Aberdeen, SD",msa,SD,2016-05-31,142380.0942992601
394297,677,"Aberdeen, SD",msa,SD,2016-06-30,142458.33883583464
394297,677,"Aberdeen, SD",msa,SD,2016-07-31,142928.77104996226
394297,677,"Aberdeen, SD",msa,SD,2016-08-31,143711.52750091034
394297,677,"Aberdeen, SD",msa,SD,2016-09-30,144546.69247890124
394297,677,"Aberdeen, SD",msa,SD,2016-10-31,145007.755240939
394297,677,"Aberdeen, SD",msa,SD,2016-11-30,145357.94290577582
394297,677,"Aberdeen, SD",msa,SD,2016-12-31,145639.7715327407
394297,677,"Aberdeen, SD",msa,SD,2017-01-31,145953.8488946743
394297,677,"Aberdeen, SD",msa,SD,2017-02-28,146338.6751232378
394297,677,"Aberdeen, SD",msa,SD,2017-03-31,146604.69134480134
394297,677,"Aberdeen, SD",msa,SD,2017-04-30,146863.9408565941
394297,677,"Aberdeen, SD",msa,SD,2017-05-31,146923.99717949252
394297,677,"Aberdeen, SD",msa,SD,2017-06-30,147057.2521557813
394297,677,"Aberdeen, SD",msa,SD,2017-07-31,147487.41196505146
394297,677,"Aberdeen, SD",msa,SD,2017-08-31,148136.8190186822
394297,677,"Aberdeen, SD",msa,SD,2017-09-30,148906.7770525081
394297,677,"Aberdeen, SD",msa,SD,2017-10-31,149625.85928208625
394297,677,"Aberdeen, SD",msa,SD,2017-11-30,150309.6572595286
394297,677,"Aberdeen, SD",msa,SD,2017-12-31,150731.79055660462
394297,677,"Aberdeen, SD",msa,SD,2018-01-31,151083.7069504001
394297,677,"Aberdeen, SD",msa,SD,2018-02-28,151432.7062008975
394297,677,"Aberdeen, SD",msa,SD,2018-03-31,152085.28273155246
394297,677,"Aberdeen, SD",msa,SD,2018-04-30,152383.43748000776
394297,677,"Aberdeen, SD",msa,SD,2018-05-31,152704.38167813417
394297,677,"Aberdeen, SD",msa,SD,2018-06-30,152881.6391711371
394297,677,"Aberdeen, SD",msa,SD,2018-07-31,153490.21173243658
394297,677,"Aberdeen, SD",msa,SD,2018-08-31,153803.09907812416
394297,677,"Aberdeen, SD",msa,SD,2018-09-30,153962.0982225083
394297,677,"Aberdeen, SD",msa,SD,2018-10-31,153741.22481409422
394297,677,"Aberdeen, SD",msa,SD,2018-11-30,153863.9278660078
394297,677,"Aberdeen, SD",msa,SD,2018-12-31,154182.3772873952
394297,677,"Aberdeen, SD",msa,SD,2019-01-31,155182.1572211158
394297,677,"Aberdeen, SD",msa,SD,2019-02-28,156627.0183726106
394297,677,"Aberdeen, SD",msa,SD,2019-03-31,158284.89517516817
394297,677,"Aberdeen, SD",msa,SD,2019-04-30,159458.22065542347
394297,677,"Aberdeen, SD",msa,SD,2019-05-31,160037.3424441675
394297,677,"Aberdeen, SD",msa,SD,2019-06-30,160459.7021030636
394297,677,"Aberdeen, SD",msa,SD,2019-07-31,160696.23361071033
394297,677,"Aberdeen, SD",msa,SD,2019-08-31,160763.42592447938
394297,677,"Aberdeen, SD",msa,SD,2019-09-30,160975.59771769933
394297,677,"Aberdeen, SD",msa,SD,2019-10-31,161699.56478404874
394297,677,"Aberdeen, SD",msa,SD,2019-11-30,162850.72515112898
394297,677,"Aberdeen, SD",msa,SD,2019-12-31,164061.87413593454
394297,677,"Aberdeen, SD",msa,SD,2020-01-31,165009.55721732054
394297,677,"Aberdeen, SD",msa,SD,2020-02-29,165641.06311944305
394297,677,"Aberdeen, SD",msa,SD,2020-03-31,165934.83721813958
394297,677,"Aberdeen, SD",msa,SD,2020-04-30,166336.66172004316
394297,677,"Aberdeen, SD",msa,SD,2020-05-31,166833.66319635292
394297,677,"Aberdeen, SD",msa,SD,2020-06-30,167338.46669897708
394297,677,"Aberdeen, SD",msa,SD,2020-07-31,168391.6900550147
394297,677,"Aberdeen, SD",msa,SD,2020-08-31,169846.2095472722
394297,677,"Aberdeen, SD",msa,SD,2020-09-30,172192.85387357473
394297,677,"Aberdeen, SD",msa,SD,2020-10-31,173885.39877288954
394297,677,"Aberdeen, SD",msa,SD,2020-11-30,175522.89566129303
394297,677,"Aberdeen, SD",msa,SD,2020-12-31,176758.2853833614
394297,677,"Aberdeen, SD",msa,SD,2021-01-31,178189.97045419153
394297,677,"Aberdeen, SD",msa,SD,2021-02-28,179778.98805416367
394297,677,"Aberdeen, SD",msa,SD,2021-03-31,181388.0159856988
394297,677,"Aberdeen, SD",msa,SD,2021-04-30,183199.54801760148
394297,677,"Aberdeen, SD",msa,SD,2021-05-31,185206.8588359416
394297,677,"Aberdeen, SD",msa,SD,2021-06-30,187213.4946392995
394297,677,"Aberdeen, SD",msa,SD,2021-07-31,188752.21350684343
394297,677,"Aberdeen, SD",msa,SD,2021-08-31,189774.74929894911
394297,677,"Aberdeen, SD",msa,SD,2021-09-30,190044.2605693899
394297,677,"Aberdeen, SD",msa,SD,2021-10-31,190484.75242446052
394297,677,"Aberdeen, SD",msa,SD,2021-11-30,191436.07338366145
394297,677,"Aberdeen, SD",msa,SD,2021-12-31,192954.01680825025
394297,677,"Aberdeen, SD",msa,SD,2022-01-31,195226.07191712395
394297,677,"Aberdeen, SD",msa,SD,2022-02-28,197519.84916584668
394297,677,"Aberdeen, SD",msa,SD,2022-03-31,200383.4102614548
394297,677,"Aberdeen, SD",msa,SD,2022-04-30,202912.40335016063
394297,677,"Aberdeen, SD",msa,SD,2022-05-31,205006.79446821497
394297,677,"Aberdeen, SD",msa,SD,2022-06-30,206359.32385329215
394297,677,"Aberdeen, SD",msa,SD,2022-07-31,207095.59387287823
394297,677,"Aberdeen, SD",msa,SD,2022-08-31,207469.26263487464
394297,677,"Aberdeen, SD",msa,SD,2022-09-30,207703.72503072268
394297,677,"Aberdeen, SD",msa,SD,2022-10-31,207985.03144703872
394297,677,"Aberdeen, SD",msa,SD,2022-11-30,208026.9914473491
394297,677,"Aberdeen, SD",msa,SD,2022-12-31,207376.1741180484
394297,677,"Aberdeen, SD",msa,SD,2023-01-31,206970.14355407003
394297,677,"Aberdeen, SD",msa,SD,2023-02-28,206282.66760432915
394297,677,"Aberdeen, SD",msa,SD,2023-03-31,206823.47506081007
394297,677,"Aberdeen, SD",msa,SD,2023-04-30,207973.57535720672
394297,677,"Aberdeen, SD",msa,SD,2023-05-31,209799.8773693154
394297,677,"Aberdeen, SD",msa,SD,2023-06-30,210483.87788187715
394297,677,"Aberdeen, SD",msa,SD,2023-07-31,210260.94282921508
394297,677,"Aberdeen, SD",msa,SD,2023-08-31,209795.33295550177
394297,677,"Aberdeen, SD",msa,SD,2023-09-30,209652.72021002616
394297,677,"Aberdeen, SD",msa,SD,2023-10-31,209484.3319660386
394297,677,"Aberdeen, SD",msa,SD,2023-11-30,209536.3800293923
394297,677,"Aberdeen, SD",msa,SD,2023-12-31,209703.0691684503
394297,677,"Aberdeen, SD",msa,SD,2024-01-31,210115.18662963752
394297,677,"Aberdeen, SD",msa,SD,2024-02-29,210731.92134928648
394297,677,"Aberdeen, SD",msa,SD,2024-03-31,211915.9845142281
394297,677,"Aberdeen, SD",msa,SD,2024-04-30,213240.41990765333
394297,677,"Aberdeen, SD",msa,SD,2024-05-31,214477.91381132745
394297,677,"Aberdeen, SD",msa,SD,2024-06-30,214931.9886372262
394297,677,"Aberdeen, SD",msa,SD,2024-07-31,214620.53308630968
394297,677,"Aberdeen, SD",msa,SD,2024-08-31,213877.8788334865
394297,677,"Aberdeen, SD",msa,SD,2024-09-30,213806.59905251124
394297,677,"Aberdeen, SD",msa,SD,2024-10-31,215082.51054967285
394297,677,"Aberdeen, SD",msa,SD,2024-11-30,216593.32427816695
394297,677,"Aberdeen, SD",msa,SD,2024-12-31,217727.55032991097
394297,677,"Aberdeen, SD",msa,SD,2025-01-31,217698.01737012793
394297,677,"Aberdeen, SD",msa,SD,2025-02-28,217563.62697406064
394297,677,"Aberdeen, SD",msa,SD,2025-03-31,217278.45242061708
394297,677,"Aberdeen, SD",msa,SD,2025-04-30,217712.91786783727
394297,677,"Aberdeen, SD",msa,SD,2025-05-31,218476.49209796856
394297,677,"Aberdeen, SD",msa,SD,2025-06-30,219833.78905358203
394297,677,"Aberdeen, SD",msa,SD,2025-07-31,221039.41079192163
394297,677,"Aberdeen, SD",msa,SD,2025-08-31,222485.6550966552
394297,677,"Aberdeen, SD",msa,SD,2025-09-30,223893.69334137937
394297,677,"Aberdeen, SD",msa,SD,2025-10-31,225366.91118169433
394297,677,"Aberdeen, SD",msa,SD,2025-11-30,226607.5770859828
394297,677,"Aberdeen, SD",msa,SD,2025-12-31,228197.9659025008
394298,473,"Aberdeen, WA",msa,WA,2009-01-31,160763.40916093675
394298,473,"Aberdeen, WA",msa,WA,2009-02-28,160228.5131354903
394298,473,"Aberdeen, WA",msa,WA,2009-03-31,159579.3727610853
394298,473,"Aberdeen, WA",msa,WA,2009-04-30,158116.44387145256
394298,473,"Aberdeen, WA",msa,WA,2009-05-31,156689.1026122911
394298,473,"Aberdeen, WA",msa,WA,2009-06-30,155213.26719015322
394298,473,"Aberdeen, WA",msa,WA,2009-07-31,153856.13206437076
394298,473,"Aberdeen, WA",msa,WA,2009-08-31,152388.55800054598
394298,473,"Aberdeen, WA",msa,WA,2009-09-30,150955.27200009394
394298,473,"Aberdeen, WA",msa,WA,2009-10-31,149714.75277184477
394298,473,"Aberdeen, WA",msa,WA,2009-11-30,148814.4018813784
394298,473,"Aberdeen, WA",msa,WA,2009-12-31,147618.74735838317
394298,473,"Aberdeen, WA",msa,WA,2010-01-31,146324.81772290802
394298,473,"Aberdeen, WA",msa,WA,2010-02-28,144799.57213567526
394298,473,"Aberdeen, WA",msa,WA,2010-03-31,143830.49010095192
394298,473,"Aberdeen, WA",msa,WA,2010-04-30,143054.45264063647
394298,473,"Aberdeen, WA",msa,WA,2010-05-31,142529.37876331838
394298,473,"Aberdeen, WA",msa,WA,2010-06-30,142170.52040275277
394298,473,"Aberdeen, WA",msa,WA,2010-07-31,141883.60820955003
394298,473,"Aberdeen, WA",msa,WA,2010-08-31,141444.7538990881
394298,473,"Aberdeen, WA",msa,WA,2010-09-30,140698.5276022397
394298,473,"Aberdeen, WA",msa,WA,2010-10-31,139778.65652187733
394298,473,"Aberdeen, WA",msa,WA,2010-11-30,138770.45966179037
394298,473,"Aberdeen, WA",msa,WA,2010-12-31,137861.12423427452
394298,473,"Aberdeen, WA",msa,WA,2011-01-31,136955.3870636412
394298,473,"Aberdeen, WA",msa,WA,2011-02-28,136079.67342580404
394298,473,"Aberdeen, WA",msa,WA,2011-03-31,135040.07665356158
394298,473,"Aberdeen, WA",msa,WA,2011-04-30,133964.33359882934
394298,473,"Aberdeen, WA",msa,WA,2011-05-31,133119.0145478015
394298,473,"Aberdeen, WA",msa,WA,2011-06-30,132533.28619963516
394298,473,"Aberdeen, WA",msa,WA,2011-07-31,132147.46428800785
394298,473,"Aberdeen, WA",msa,WA,2011-08-31,131660.51581226618
394298,473,"Aberdeen, WA",msa,WA,2011-09-30,131193.6945718121
394298,473,"Aberdeen, WA",msa,WA,2011-10-31,130806.47970408403
394298,473,"Aberdeen, WA",msa,WA,2011-11-30,130622.00894879074
394298,473,"Aberdeen, WA",msa,WA,2011-12-31,130679.79397465177
394298,473,"Aberdeen, WA",msa,WA,2012-01-31,130831.8865728955
394298,473,"Aberdeen, WA",msa,WA,2012-02-29,131163.77427400087
394298,473,"Aberdeen, WA",msa,WA,2012-03-31,131190.30606972557
394298,473,"Aberdeen, WA",msa,WA,2012-04-30,131380.71781251548
394298,473,"Aberdeen, WA",msa,WA,2012-05-31,131879.52598245995
394298,473,"Aberdeen, WA",msa,WA,2012-06-30,132762.0919202006
394298,473,"Aberdeen, WA",msa,WA,2012-07-31,133227.29649958247
394298,473,"Aberdeen, WA",msa,WA,2012-08-31,132930.30368940523
394298,473,"Aberdeen, WA",msa,WA,2012-09-30,132381.48760027564
394298,473,"Aberdeen, WA",msa,WA,2012-10-31,131970.58092428264
394298,473,"Aberdeen, WA",msa,WA,2012-11-30,131463.97805844736
394298,473,"Aberdeen, WA",msa,WA,2012-12-31,130613.21537343324
394298,473,"Aberdeen, WA",msa,WA,2013-01-31,129621.09084969922
394298,473,"Aberdeen, WA",msa,WA,2013-02-28,128663.58295588668
394298,473,"Aberdeen, WA",msa,WA,2013-03-31,128420.99377840255
394298,473,"Aberdeen, WA",msa,WA,2013-04-30,128685.52349443488
394298,473,"Aberdeen, WA",msa,WA,2013-05-31,129549.00001650704
394298,473,"Aberdeen, WA",msa,WA,2013-06-30,130495.93209260495
394298,473,"Aberdeen, WA",msa,WA,2013-07-31,131076.9938641436
394298,473,"Aberdeen, WA",msa,WA,2013-08-31,131378.64937787494
394298,473,"Aberdeen, WA",msa,WA,2013-09-30,131025.23536824268
394298,473,"Aberdeen, WA",msa,WA,2013-10-31,130328.53134034356
394298,473,"Aberdeen, WA",msa,WA,2013-11-30,129232.2923659631
394298,473,"Aberdeen, WA",msa,WA,2013-12-31,128050.27068470186
394298,473,"Aberdeen, WA",msa,WA,2014-01-31,126932.72912541886
394298,473,"Aberdeen, WA",msa,WA,2014-02-28,126118.05832519267
394298,473,"Aberdeen, WA",msa,WA,2014-03-31,125820.47888037578
394298,473,"Aberdeen, WA",msa,WA,2014-04-30,126275.74350085904
394298,473,"Aberdeen, WA",msa,WA,2014-05-31,127220.12326046622
394298,473,"Aberdeen, WA",msa,WA,2014-06-30,128081.66713888288
394298,473,"Aberdeen, WA",msa,WA,2014-07-31,128733.05239945186
394298,473,"Aberdeen, WA",msa,WA,2014-08-31,128945.84026013831
394298,473,"Aberdeen, WA",msa,WA,2014-09-30,128797.29010822512
394298,473,"Aberdeen, WA",msa,WA,2014-10-31,128382.34226483664
394298,473,"Aberdeen, WA",msa,WA,2014-11-30,128209.8445429976
394298,473,"Aberdeen, WA",msa,WA,2014-12-31,128425.43055179856
394298,473,"Aberdeen, WA",msa,WA,2015-01-31,128185.82798190373
394298,473,"Aberdeen, WA",msa,WA,2015-02-28,127459.07175159246
394298,473,"Aberdeen, WA",msa,WA,2015-03-31,126626.18682685665
394298,473,"Aberdeen, WA",msa,WA,2015-04-30,126920.346807768
394298,473,"Aberdeen, WA",msa,WA,2015-05-31,128331.4013717812
394298,473,"Aberdeen, WA",msa,WA,2015-06-30,130262.6201230153
394298,473,"Aberdeen, WA",msa,WA,2015-07-31,132103.85373577347
394298,473,"Aberdeen, WA",msa,WA,2015-08-31,133301.18379872697
394298,473,"Aberdeen, WA",msa,WA,2015-09-30,134243.46420911237
394298,473,"Aberdeen, WA",msa,WA,2015-10-31,135157.65920671562
394298,473,"Aberdeen, WA",msa,WA,2015-11-30,136413.12493345962
394298,473,"Aberdeen, WA",msa,WA,2015-12-31,138111.38554904648
394298,473,"Aberdeen, WA",msa,WA,2016-01-31,139639.50915036685
394298,473,"Aberdeen, WA",msa,WA,2016-02-29,140991.78594956236
394298,473,"Aberdeen, WA",msa,WA,2016-03-31,141801.45732323817
394298,473,"Aberdeen, WA",msa,WA,2016-04-30,142652.92753535652
394298,473,"Aberdeen, WA",msa,WA,2016-05-31,143276.48795204828
394298,473,"Aberdeen, WA",msa,WA,2016-06-30,143965.6065680166
394298,473,"Aberdeen, WA",msa,WA,2016-07-31,144496.64290171224
394298,473,"Aberdeen, WA",msa,WA,2016-08-31,145294.05171781077
394298,473,"Aberdeen, WA",msa,WA,2016-09-30,145968.81151782806
394298,473,"Aberdeen, WA",msa,WA,2016-10-31,146820.8314135984
394298,473,"Aberdeen, WA",msa,WA,2016-11-30,147757.88189974386
394298,473,"Aberdeen, WA",msa,WA,2016-12-31,148991.90608144086
394298,473,"Aberdeen, WA",msa,WA,2017-01-31,150636.19693839332
394298,473,"Aberdeen, WA",msa,WA,2017-02-28,152386.5483901412
394298,473,"Aberdeen, WA",msa,WA,2017-03-31,154169.1230394833
394298,473,"Aberdeen, WA",msa,WA,2017-04-30,155588.98906780675
394298,473,"Aberdeen, WA",msa,WA,2017-05-31,156743.46214613097
394298,473,"Aberdeen, WA",msa,WA,2017-06-30,158054.48759419096
394298,473,"Aberdeen, WA",msa,WA,2017-07-31,159616.30097920305
394298,473,"Aberdeen, WA",msa,WA,2017-08-31,161294.28745639845
394298,473,"Aberdeen, WA",msa,WA,2017-09-30,162993.3428382761
394298,473,"Aberdeen, WA",msa,WA,2017-10-31,164753.69929256066
394298,473,"Aberdeen, WA",msa,WA,2017-11-30,166828.43620997047
394298,473,"Aberdeen, WA",msa,WA,2017-12-31,169109.73114228612
394298,473,"Aberdeen, WA",msa,WA,2018-01-31,171158.209778349
394298,473,"Aberdeen, WA",msa,WA,2018-02-28,173139.03475116717
394298,473,"Aberdeen, WA",msa,WA,2018-03-31,175286.34993421417
394298,473,"Aberdeen, WA",msa,WA,2018-04-30,177401.10145127986
394298,473,"Aberdeen, WA",msa,WA,2018-05-31,179137.40150861396
394298,473,"Aberdeen, WA",msa,WA,2018-06-30,180307.07143562855
394298,473,"Aberdeen, WA",msa,WA,2018-07-31,182166.6734093316
394298,473,"Aberdeen, WA",msa,WA,2018-08-31,184430.1005000768
394298,473,"Aberdeen, WA",msa,WA,2018-09-30,186804.23207703032
394298,473,"Aberdeen, WA",msa,WA,2018-10-31,188226.5329462028
394298,473,"Aberdeen, WA",msa,WA,2018-11-30,189795.97720312056
394298,473,"Aberdeen, WA",msa,WA,2018-12-31,191591.3539527763
394298,473,"Aberdeen, WA",msa,WA,2019-01-31,193734.36414330904
394298,473,"Aberdeen, WA",msa,WA,2019-02-28,195596.0928403284
394298,473,"Aberdeen, WA",msa,WA,2019-03-31,197560.4234594719
394298,473,"Aberdeen, WA",msa,WA,2019-04-30,199439.96988221715
394298,473,"Aberdeen, WA",msa,WA,2019-05-31,201004.5786740984
394298,473,"Aberdeen, WA",msa,WA,2019-06-30,202313.80471038417
394298,473,"Aberdeen, WA",msa,WA,2019-07-31,203839.5003136615
394298,473,"Aberdeen, WA",msa,WA,2019-08-31,205994.70101662705
394298,473,"Aberdeen, WA",msa,WA,2019-09-30,208653.86893434203
394298,473,"Aberdeen, WA",msa,WA,2019-10-31,211687.7691712003
394298,473,"Aberdeen, WA",msa,WA,2019-11-30,214509.64440088617
394298,473,"Aberdeen, WA",msa,WA,2019-12-31,216904.04043406868
394298,473,"Aberdeen, WA",msa,WA,2020-01-31,219045.9185572816
394298,473,"Aberdeen, WA",msa,WA,2020-02-29,220392.48918858185
394298,473,"Aberdeen, WA",msa,WA,2020-03-31,221707.698978021
394298,473,"Aberdeen, WA",msa,WA,2020-04-30,223257.928452237
394298,473,"Aberdeen, WA",msa,WA,2020-05-31,225360.46142241996
394298,473,"Aberdeen, WA",msa,WA,2020-06-30,227374.68761187943
394298,473,"Aberdeen, WA",msa,WA,2020-07-31,229487.83439396496
394298,473,"Aberdeen, WA",msa,WA,2020-08-31,232723.84547222685
394298,473,"Aberdeen, WA",msa,WA,2020-09-30,237532.50813299863
394298,473,"Aberdeen, WA",msa,WA,2020-10-31,242796.6502972748
394298,473,"Aberdeen, WA",msa,WA,2020-11-30,248216.73906047444
394298,473,"Aberdeen, WA",msa,WA,2020-12-31,253242.3069100188
394298,473,"Aberdeen, WA",msa,WA,2021-01-31,258194.09416102225
394298,473,"Aberdeen, WA",msa,WA,2021-02-28,263666.55965386535
394298,473,"Aberdeen, WA",msa,WA,2021-03-31,269323.70097212144
394298,473,"Aberdeen, WA",msa,WA,2021-04-30,275686.80510800076
394298,473,"Aberdeen, WA",msa,WA,2021-05-31,282677.36660741066
394298,473,"Aberdeen, WA",msa,WA,2021-06-30,289962.3142043732
394298,473,"Aberdeen, WA",msa,WA,2021-07-31,296297.7587923995
394298,473,"Aberdeen, WA",msa,WA,2021-08-31,300022.3108401526
394298,473,"Aberdeen, WA",msa,WA,2021-09-30,301891.9763077882
394298,473,"Aberdeen, WA",msa,WA,2021-10-31,302878.15711298987
394298,473,"Aberdeen, WA",msa,WA,2021-11-30,304286.32481122244
394298,473,"Aberdeen, WA",msa,WA,2021-12-31,306494.44657943776
394298,473,"Aberdeen, WA",msa,WA,2022-01-31,310411.5537069377
394298,473,"Aberdeen, WA",msa,WA,2022-02-28,315939.23708237446
394298,473,"Aberdeen, WA",msa,WA,2022-03-31,321676.85527080647
394298,473,"Aberdeen, WA",msa,WA,2022-04-30,326598.8962727088
394298,473,"Aberdeen, WA",msa,WA,2022-05-31,330474.6378613366
394298,473,"Aberdeen, WA",msa,WA,2022-06-30,333864.1359580357
394298,473,"Aberdeen, WA",msa,WA,2022-07-31,334566.5312600267
394298,473,"Aberdeen, WA",msa,WA,2022-08-31,331941.2642231553
394298,473,"Aberdeen, WA",msa,WA,2022-09-30,327248.8532289769
394298,473,"Aberdeen, WA",msa,WA,2022-10-31,322987.32538240403
394298,473,"Aberdeen, WA",msa,WA,2022-11-30,319649.2400388743
394298,473,"Aberdeen, WA",msa,WA,2022-12-31,316522.09085564653
394298,473,"Aberdeen, WA",msa,WA,2023-01-31,313795.7304012462
394298,473,"Aberdeen, WA",msa,WA,2023-02-28,312048.85034796194
394298,473,"Aberdeen, WA",msa,WA,2023-03-31,312390.6436797892
394298,473,"Aberdeen, WA",msa,WA,2023-04-30,314526.8964112624
394298,473,"Aberdeen, WA",msa,WA,2023-05-31,317205.3283386407
394298,473,"Aberdeen, WA",msa,WA,2023-06-30,318855.6742999517
394298,473,"Aberdeen, WA",msa,WA,2023-07-31,319305.9654771954
394298,473,"Aberdeen, WA",msa,WA,2023-08-31,319442.7470580772
394298,473,"Aberdeen, WA",msa,WA,2023-09-30,319264.1586886667
394298,473,"Aberdeen, WA",msa,WA,2023-10-31,318964.3716029274
394298,473,"Aberdeen, WA",msa,WA,2023-11-30,318424.61138945684
394298,473,"Aberdeen, WA",msa,WA,2023-12-31,317389.11080406257
394298,473,"Aberdeen, WA",msa,WA,2024-01-31,316358.9244343452
394298,473,"Aberdeen, WA",msa,WA,2024-02-29,316282.50189939793
394298,473,"Aberdeen, WA",msa,WA,2024-03-31,317848.8347766704
394298,473,"Aberdeen, WA",msa,WA,2024-04-30,320368.62225242227
394298,473,"Aberdeen, WA",msa,WA,2024-05-31,322570.3828820022
394298,473,"Aberdeen, WA",msa,WA,2024-06-30,323588.3270363663
394298,473,"Aberdeen, WA",msa,WA,2024-07-31,323035.3526103346
394298,473,"Aberdeen, WA",msa,WA,2024-08-31,322000.7835315653
394298,473,"Aberdeen, WA",msa,WA,2024-09-30,321501.2725642204
394298,473,"Aberdeen, WA",msa,WA,2024-10-31,321952.8923098244
394298,473,"Aberdeen, WA",msa,WA,2024-11-30,321766.07958428166
394298,473,"Aberdeen, WA",msa,WA,2024-12-31,320786.1702886044
394298,473,"Aberdeen, WA",msa,WA,2025-01-31,319431.6266463113
394298,473,"Aberdeen, WA",msa,WA,2025-02-28,318644.38978164183
394298,473,"Aberdeen, WA",msa,WA,2025-03-31,317953.60786032927
394298,473,"Aberdeen, WA",msa,WA,2025-04-30,317602.484538999
394298,473,"Aberdeen, WA",msa,WA,2025-05-31,316893.37273304776
394298,473,"Aberdeen, WA",msa,WA,2025-06-30,315976.6800069231
394298,473,"Aberdeen, WA",msa,WA,2025-07-31,314951.06984575
394298,473,"Aberdeen, WA",msa,WA,2025-08-31,314334.6054186502
394298,473,"Aberdeen, WA",msa,WA,2025-09-30,314269.9210465332
394298,473,"Aberdeen, WA",msa,WA,2025-10-31,314177.2284085622
394298,473,"Aberdeen, WA",msa,WA,2025-11-30,313799.92419531586
394298,473,"Aberdeen, WA",msa,WA,2025-12-31,313497.7620253064
394299,251,"Abilene, TX",msa,TX,2009-01-31,108048.16129443822
394299,251,"Abilene, TX",msa,TX,2009-02-28,107970.96329664288
394299,251,"Abilene, TX",msa,TX,2009-03-31,108029.22805423464
394299,251,"Abilene, TX",msa,TX,2009-04-30,108018.6157978228
394299,251,"Abilene, TX",msa,TX,2009-05-31,108093.1158194355
394299,251,"Abilene, TX",msa,TX,2009-06-30,108007.47172900396
394299,251,"Abilene, TX",msa,TX,2009-07-31,107984.21614459176
394299,251,"Abilene, TX",msa,TX,2009-08-31,107950.22140846412
394299,251,"Abilene, TX",msa,TX,2009-09-30,107663.05052405367
394299,251,"Abilene, TX",msa,TX,2009-10-31,107226.48103821662
394299,251,"Abilene, TX",msa,TX,2009-11-30,106683.68020427883
394299,251,"Abilene, TX",msa,TX,2009-12-31,106561.81034409562
394299,251,"Abilene, TX",msa,TX,2010-01-31,106723.69971958431
394299,251,"Abilene, TX",msa,TX,2010-02-28,107003.5703123941
394299,251,"Abilene, TX",msa,TX,2010-03-31,107238.17570245056
394299,251,"Abilene, TX",msa,TX,2010-04-30,107279.64075172898
394299,251,"Abilene, TX",msa,TX,2010-05-31,107306.37647156553
394299,251,"Abilene, TX",msa,TX,2010-06-30,107293.7798486342
394299,251,"Abilene, TX",msa,TX,2010-07-31,107303.21158235303
394299,251,"Abilene, TX",msa,TX,2010-08-31,107329.8059518489
394299,251,"Abilene, TX",msa,TX,2010-09-30,107070.9541551174
394299,251,"Abilene, TX",msa,TX,2010-10-31,106727.66006088514
394299,251,"Abilene, TX",msa,TX,2010-11-30,106158.09138128224
394299,251,"Abilene, TX",msa,TX,2010-12-31,105806.2446212066
394299,251,"Abilene, TX",msa,TX,2011-01-31,105314.07936549513
394299,251,"Abilene, TX",msa,TX,2011-02-28,104973.49880917984
394299,251,"Abilene, TX",msa,TX,2011-03-31,104543.3485612652
394299,251,"Abilene, TX",msa,TX,2011-04-30,104275.14851936446
394299,251,"Abilene, TX",msa,TX,2011-05-31,103962.1069646674
394299,251,"Abilene, TX",msa,TX,2011-06-30,103719.38966529597
394299,251,"Abilene, TX",msa,TX,2011-07-31,103548.12814388754
394299,251,"Abilene, TX",msa,TX,2011-08-31,103041.11584689432
394299,251,"Abilene, TX",msa,TX,2011-09-30,102674.01309981765
394299,251,"Abilene, TX",msa,TX,2011-10-31,102316.86658929584
394299,251,"Abilene, TX",msa,TX,2011-11-30,102488.4561792562
394299,251,"Abilene, TX",msa,TX,2011-12-31,102761.5428420888
394299,251,"Abilene, TX",msa,TX,2012-01-31,103099.37972019934
394299,251,"Abilene, TX",msa,TX,2012-02-29,103554.73369530284
394299,251,"Abilene, TX",msa,TX,2012-03-31,103858.518802717
394299,251,"Abilene, TX",msa,TX,2012-04-30,104261.170743061
394299,251,"Abilene, TX",msa,TX,2012-05-31,104634.53424669516
394299,251,"Abilene, TX",msa,TX,2012-06-30,105037.90400472346
394299,251,"Abilene, TX",msa,TX,2012-07-31,105370.06546248525
394299,251,"Abilene, TX",msa,TX,2012-08-31,105793.03992274289
394299,251,"Abilene, TX",msa,TX,2012-09-30,106410.00807803246
394299,251,"Abilene, TX",msa,TX,2012-10-31,106752.94042612768
394299,251,"Abilene, TX",msa,TX,2012-11-30,106476.4799866153
394299,251,"Abilene, TX",msa,TX,2012-12-31,105985.71624389724
394299,251,"Abilene, TX",msa,TX,2013-01-31,106052.85388851588
394299,251,"Abilene, TX",msa,TX,2013-02-28,106585.51442143286
394299,251,"Abilene, TX",msa,TX,2013-03-31,107240.96157889206
394299,251,"Abilene, TX",msa,TX,2013-04-30,107637.88065413112
394299,251,"Abilene, TX",msa,TX,2013-05-31,107922.44953953632
394299,251,"Abilene, TX",msa,TX,2013-06-30,108316.2765326342
394299,251,"Abilene, TX",msa,TX,2013-07-31,108678.60402900964
394299,251,"Abilene, TX",msa,TX,2013-08-31,109516.55492770029
394299,251,"Abilene, TX",msa,TX,2013-09-30,110293.706359869
394299,251,"Abilene, TX",msa,TX,2013-10-31,110871.79271040978
394299,251,"Abilene, TX",msa,TX,2013-11-30,110851.73763528642
394299,251,"Abilene, TX",msa,TX,2013-12-31,110798.22439188296
394299,251,"Abilene, TX",msa,TX,2014-01-31,111250.6823097452
394299,251,"Abilene, TX",msa,TX,2014-02-28,112092.07706996235
394299,251,"Abilene, TX",msa,TX,2014-03-31,112849.18340797554
394299,251,"Abilene, TX",msa,TX,2014-04-30,113438.05295500372
394299,251,"Abilene, TX",msa,TX,2014-05-31,113834.92506113836
394299,251,"Abilene, TX",msa,TX,2014-06-30,114468.7129850764
394299,251,"Abilene, TX",msa,TX,2014-07-31,115191.77887762892
394299,251,"Abilene, TX",msa,TX,2014-08-31,116275.41527456488
394299,251,"Abilene, TX",msa,TX,2014-09-30,116995.40825677916
394299,251,"Abilene, TX",msa,TX,2014-10-31,117328.18453803538
394299,251,"Abilene, TX",msa,TX,2014-11-30,117225.16723587428
394299,251,"Abilene, TX",msa,TX,2014-12-31,117131.04670521048
394299,251,"Abilene, TX",msa,TX,2015-01-31,117164.45555027772
394299,251,"Abilene, TX",msa,TX,2015-02-28,117442.83884616038
394299,251,"Abilene, TX",msa,TX,2015-03-31,117966.15938269118
394299,251,"Abilene, TX",msa,TX,2015-04-30,118547.44965557782
394299,251,"Abilene, TX",msa,TX,2015-05-31,119007.9165323997
394299,251,"Abilene, TX",msa,TX,2015-06-30,119415.76633222448
394299,251,"Abilene, TX",msa,TX,2015-07-31,119997.8036976193
394299,251,"Abilene, TX",msa,TX,2015-08-31,120988.18825698015
394299,251,"Abilene, TX",msa,TX,2015-09-30,122193.67018373968
394299,251,"Abilene, TX",msa,TX,2015-10-31,123194.54234805546
394299,251,"Abilene, TX",msa,TX,2015-11-30,123532.62208086262
394299,251,"Abilene, TX",msa,TX,2015-12-31,123610.41408783924
394299,251,"Abilene, TX",msa,TX,2016-01-31,123863.79212895436
394299,251,"Abilene, TX",msa,TX,2016-02-29,124397.52278859464
394299,251,"Abilene, TX",msa,TX,2016-03-31,124809.14066422392
394299,251,"Abilene, TX",msa,TX,2016-04-30,125227.86790023722
394299,251,"Abilene, TX",msa,TX,2016-05-31,125727.4912829338
394299,251,"Abilene, TX",msa,TX,2016-06-30,126400.54298502498
394299,251,"Abilene, TX",msa,TX,2016-07-31,126903.47976317056
394299,251,"Abilene, TX",msa,TX,2016-08-31,127469.69322642358
394299,251,"Abilene, TX",msa,TX,2016-09-30,128079.46140934755
