name,domain,year founded,industry,size range,locality,country
ibm,ibm.com,1911.0,information technology and services,10001+,"new york, new york, united states",united states
us army,goarmy.com,1800.0,military,10001+,"alexandria, virginia, united states",united states
hewlett-packard,hpe.com,1939.0,information technology and services,10001+,"palo alto, california, united states",united states
cognizant technology solutions,cognizant.com,1994.0,information technology and services,10001+,"teaneck, new jersey, united states",united states
walmart,walmartcareers.com,1962.0,retail,10001+,"withee, wisconsin, united states",united states
microsoft,microsoft.com,1975.0,computer software,10001+,"redmond, washington, united states",united states
at&t,att.com,1876.0,telecommunications,10001+,"dallas, texas, united states",united states
united states air force,airforce.com,1947.0,defense & space,10001+,"randolph, texas, united states",united states
pwc,pwc.com,1998.0,accounting,10001+,"new york, new york, united states",united states
wells fargo,wellsfargo.com,,financial services,10001+,"san francisco, california, united states",united states
deloitte,deloitte.com,1900.0,management consulting,10001+,"new york, new york, united states",united states
citi,citigroup.com,1812.0,financial services,10001+,"new york, new york, united states",united states
bank of america,bankofamerica.com,1968.0,banking,10001+,"charlotte, north carolina, united states",united states
jpmorgan chase & co.,jpmorganchase.com,1823.0,financial services,10001+,"new york, new york, united states",united states
us navy,navy.com,,military,10001+,"washington, district of columbia, united states",united states
amazon,amazon.com,1994.0,internet,10001+,"seattle, washington, united states",united states
apple,apple.com,1976.0,consumer electronics,10001+,"cupertino, california, united states",united states
oracle,oracle.com,1977.0,information technology and services,10001+,"redwood shores, california, united states",united states
google,google.com,1998.0,internet,10001+,"mountain view, california, united states",united states
united states postal service,usps.com,,government administration,10001+,"washington, district of columbia, united states",united states
mcdonald's corporation,aboutmcdonalds.com,1955.0,restaurants,10001+,"oak brook, illinois, united states",united states
boeing,boeing.com,1916.0,aviation & aerospace,10001+,"chicago, illinois, united states",united states
kaiser permanente,kaiserpermanente.org,1945.0,hospital & health care,10001+,"oakland, california, united states",united states
ford motor company,ford.com,1903.0,automotive,10001+,"dearborn, michigan, united states",united states
intel corporation,intel.com,1968.0,semiconductors,10001+,"santa clara, california, united states",united states
department of veterans affairs,va.gov,1930.0,government administration,10001+,"washington, district of columbia, united states",united states
cisco,cisco.com,1984.0,computer networking,10001+,"san jose, california, united states",united states
general motors,gm.com,,automotive,10001+,"detroit, michigan, united states",united states
pepsico,pepsico.com,1965.0,food & beverages,10001+,"purchase, new york, united states",united states
target,target.com,1962.0,retail,10001+,"minneapolis, minnesota, united states",united states
ups,ups.com,1907.0,transportation/trucking/railroad,10001+,"atlanta, georgia, united states",united states
pfizer,pfizer.com,1848.0,pharmaceuticals,10001+,"new york, new york, united states",united states
unitedhealth group,unitedhealthgroup.com,1980.0,hospital & health care,10001+,"minneapolis, minnesota, united states",united states
dell,dell.com,1984.0,information technology and services,10001+,"round rock, texas, united states",united states
honeywell,honeywell.com,1985.0,electrical/electronic manufacturing,10001+,"morristown, new jersey, united states",united states
schlumberger,slb.com,1926.0,oil & energy,10001+,"houston, texas, united states",united states
lockheed martin,lockheedmartin.com,1912.0,defense & space,10001+,"bethesda, maryland, united states",united states
starbucks,starbucks.com,1971.0,retail,10001+,"seattle, washington, united states",united states
morgan stanley,morganstanley.com,1935.0,financial services,10001+,"new york, new york, united states",united states
the home depot,homedepot.com,1977.0,retail,10001+,"atlanta, georgia, united states",united states
johnson & johnson,jnj.com,1887.0,hospital & health care,10001+,"new brunswick, new jersey, united states",united states
schneider electric,schneider-electric.com,1836.0,electrical/electronic manufacturing,10001+,"erlanger, kentucky, united states",united states
state farm,statefarm.com,1922.0,insurance,10001+,"bloomington, illinois, united states",united states
ge,ge.com,1892.0,electrical/electronic manufacturing,10001+,"fairfield, connecticut, united states",united states
procter & gamble,pg.com,1837.0,consumer goods,10001+,"cincinnati, ohio, united states",united states
walgreens,walgreens.com,1901.0,retail,10001+,"deerfield, illinois, united states",united states
"keller williams realty, inc.",kw.com,1983.0,real estate,10001+,"austin, texas, united states",united states
"lowe's companies, inc.",lowes.com,1946.0,retail,10001+,"mooresville, north carolina, united states",united states
united states marine corps,marines.com,,military,10001+,"washington, district of columbia, united states",united states
dell emc,dellemc.com,1979.0,information technology and services,10001+,"hopkinton, massachusetts, united states",united states
verizon wireless,verizonwireless.com,2000.0,telecommunications,10001+,"basking ridge, new jersey, united states",united states
j.p. morgan,jpmorgan.com,,financial services,10001+,"new york, new york, united states",united states
verizon,verizon.com,1983.0,information technology and services,10001+,"basking ridge, new jersey, united states",united states
kpmg,kpmg.com,1987.0,accounting,10001+,"montvale, new jersey, united states",united states
linkedin,linkedin.com,2003.0,internet,10001+,"mountain view, california, united states",united states
facebook,facebook.com,2004.0,internet,10001+,"menlo park, california, united states",united states
northrop grumman corporation,northropgrumman.com,1939.0,defense & space,10001+,"falls church, virginia, united states",united states
adp,adp.com,1949.0,human resources,10001+,"roseland, new jersey, united states",united states
medtronic,medtronic.com,1949.0,medical devices,10001+,"minneapolis, minnesota, united states",united states
abbott,abbott.com,1980.0,hospital & health care,10001+,"illinois city, illinois, united states",united states
chevron,chevron.com,1879.0,oil & energy,10001+,"san ramon, california, united states",united states
american express,americanexpress.com,1850.0,financial services,10001+,"new york, new york, united states",united states
samsung electronics,samsung.com,1938.0,electrical/electronic manufacturing,10001+,"none, south carolina, united states",united states
macy's,macysjobs.com,1858.0,retail,10001+,"cincinnati, ohio, united states",united states
thomson reuters,tr.com,2008.0,information technology and services,10001+,"new york, new york, united states",united states
avon,avoncompany.com,1886.0,cosmetics,10001+,"new york, new york, united states",united states
cvs health,cvshealth.com,1963.0,pharmaceuticals,10001+,"woonsocket, rhode island, united states",united states
halliburton,halliburton.com,1919.0,oil & energy,10001+,"houston, texas, united states",united states
csc,csc.com,1959.0,information technology and services,10001+,"falls church, virginia, united states",united states
merck,merck.com,1891.0,pharmaceuticals,10001+,"kenilworth, new jersey, united states",united states
kpmg,beaconpartners.com,,financial services,10001+,"new york, new york, united states",united states
dxc technology,dxc.technology,2017.0,information technology and services,10001+,,united states
johnson controls,johnsoncontrols.com,1885.0,mechanical or industrial engineering,10001+,"milwaukee, wisconsin, united states",united states
allstate,al.st,1931.0,insurance,10001+,"northbrook, illinois, united states",united states
marriott international,marriott.com,1927.0,hospitality,10001+,"bethesda, maryland, united states",united states
3m health care,3m.com,1902.0,mechanical or industrial engineering,10001+,"saint paul, minnesota, united states",united states
xerox,xerox.com,1906.0,information technology and services,10001+,"norwalk, connecticut, united states",united states
cbre,cbre.com,,real estate,10001+,"los angeles, california, united states",united states
nyc department of education,nyc.gov,,education management,10001+,"new york, new york, united states",united states
goldman sachs,goldmansachs.com,1869.0,investment banking,10001+,"new york, new york, united states",united states
fidelity investments,fidelity.com,1946.0,financial services,10001+,"boston, massachusetts, united states",united states
exxonmobil,exxonmobil.com,1999.0,oil & energy,10001+,"irving, texas, united states",united states
t-mobile,tmobile.com,2002.0,telecommunications,10001+,"bellevue, washington, united states",united states
nike,nike.com,1972.0,sporting goods,10001+,"beaverton, oregon, united states",united states
best buy,bestbuy.com,1966.0,retail,10001+,"richfield, minnesota, united states",united states
american airlines,aa.com,1930.0,airlines/aviation,10001+,"fort worth, texas, united states",united states
baker hughes,bhge.com,,oil & energy,10001+,"houston, texas, united states",united states
the coca-cola company,coca-colacompany.com,1892.0,food & beverages,10001+,"atlanta, georgia, united states",united states
genpact,genpact.com,1997.0,information technology and services,10001+,"new york, new york, united states",united states
jll,jll.com,,commercial real estate,10001+,"chicago, illinois, united states",united states
u.s. bank,usbank.com,,banking,10001+,"minneapolis, minnesota, united states",united states
pnc,pnc.com,2014.0,financial services,10001+,"pittsburgh, pennsylvania, united states",united states
sprint,sprint.com,1899.0,telecommunications,10001+,"overland park, kansas, united states",united states
airbus,airbusgroup.com,2014.0,aviation & aerospace,10001+,"arlington, virginia, united states",united states
capital one,capitalone.com,1994.0,financial services,10001+,"mclean, virginia, united states",united states
delta air lines,delta.com,1928.0,airlines/aviation,10001+,"atlanta, georgia, united states",united states
merrill lynch,ml.com,1914.0,financial services,10001+,"new york, new york, united states",united states
mondelēz international,mondelezinternational.com,1903.0,food production,10001+,"deerfield, illinois, united states",united states
farmers insurance,farmers.com,1928.0,insurance,10001+,"los angeles, california, united states",united states
aecom,aecom.com,1990.0,civil engineering,10001+,"los angeles, california, united states",united states
united states department of defense,defense.gov,1947.0,military,10001+,"washington, district of columbia, united states",united states
metlife,metlife.com,1868.0,insurance,10001+,"new york, new york, united states",united states
total,total.com,1924.0,oil & energy,10001+,"san diego, california, united states",united states
cargill,cargill.com,1865.0,food production,10001+,"wayzata, minnesota, united states",united states
united airlines,united.com,1926.0,airlines/aviation,10001+,"chicago, illinois, united states",united states
mary kay inc.,marykay.com,1963.0,cosmetics,10001+,"addison, texas, united states",united states
liberty mutual insurance,libertymutualgroup.com,1912.0,insurance,10001+,"boston, massachusetts, united states",united states
comcast,comcast.com,1963.0,media production,10001+,"philadelphia, pennsylvania, united states",united states
caterpillar inc.,caterpillar.com,1925.0,machinery,10001+,"peoria heights, illinois, united states",united states
jacobs,jacobs.com,1947.0,construction,10001+,"pasadena, california, united states",united states
bny mellon,bnymellon.com,,financial services,10001+,"new york, new york, united states",united states
raytheon,raytheon.com,1922.0,defense & space,10001+,"waltham, massachusetts, united states",united states
eli lilly and company,lilly.com,1876.0,pharmaceuticals,10001+,"indianapolis, indiana, united states",united states
hp,hp.com,,information technology and services,10001+,"palo alto, california, united states",united states
uber,uber.com,2009.0,internet,10001+,"san francisco, california, united states",united states
kroger,thekrogerco.com,1883.0,retail,10001+,"cincinnati, ohio, united states",united states
thermo fisher scientific,thermofisher.com,1956.0,research,10001+,"waltham, massachusetts, united states",united states
aig,aig.com,1919.0,insurance,10001+,"new york, new york, united states",united states
novo nordisk,novonordisk.com,1923.0,pharmaceuticals,10001+,"plainsboro, new jersey, united states",united states
h&r block,hrblock.com,1955.0,retail,10001+,"kansas city, missouri, united states",united states
social security administration,socialsecurity.gov,1935.0,government administration,10001+,"baltimore, maryland, united states",united states
costco wholesale,costco.com,1983.0,retail,10001+,"issaquah, washington, united states",united states
thales,thalesgroup.com,2015.0,defense & space,10001+,"alexandria, virginia, united states",united states
convergys,convergys.com,1998.0,outsourcing/offshoring,10001+,"cincinnati, ohio, united states",united states
iqvia,iqvia.com,2016.0,hospital & health care,10001+,"danbury, connecticut, united states",united states
salesforce,salesforce.com,1999.0,internet,10001+,"san francisco, california, united states",united states
the dow chemical company,dow.com,1897.0,chemicals,10001+,"midland, michigan, united states",united states
hilton worldwide,stayhgi.com,1919.0,hospitality,10001+,"mclean, virginia, united states",united states
los angeles unified school district,lausd.net,1853.0,education management,10001+,"los angeles, california, united states",united states
army national guard,nationalguard.com,,military,10001+,"arlington, virginia, united states",united states
nordstrom,nordstrom.com,1901.0,retail,10001+,"seattle, washington, united states",united states
lifespan,lifespan.org,1994.0,hospital & health care,10001+,"providence, rhode island, united states",united states
fedex,,1973.0,package/freight delivery,10001+,"memphis, tennessee, united states",united states
edward jones,edwardjones.com,1922.0,financial services,10001+,"st. louis, missouri, united states",united states
travelers,travelers.com,1853.0,insurance,10001+,"new york, new york, united states",united states
state street,statestreet.com,,financial services,10001+,"boston, massachusetts, united states",united states
the walt disney company,disneycareers.com,1923.0,entertainment,10001+,"burbank, california, united states",united states
nielsen,nielsen.com,,information services,10001+,"new york, new york, united states",united states
herbalife,herbalife.com,1980.0,"health, wellness and fitness",10001+,"los angeles, california, united states",united states
northwestern mutual,northwesternmutual.com,1857.0,financial services,10001+,"milwaukee, wisconsin, united states",united states
eaton,eaton.com,1911.0,electrical/electronic manufacturing,10001+,"cleveland, ohio, united states",united states
aflac,aflac.com,1955.0,insurance,10001+,"columbus, georgia, united states",united states
united nations,un.org,1945.0,international affairs,10001+,"new york, new york, united states",united states
mayo clinic,mayoclinic.org,,hospital & health care,10001+,"rochester, minnesota, united states",united states
booz allen hamilton,boozallen.com,1914.0,management consulting,10001+,"mclean, virginia, united states",united states
qualcomm,qualcomm.com,1985.0,wireless,10001+,"san diego, california, united states",united states
john deere,johndeere.com,1837.0,machinery,10001+,"moline, illinois, united states",united states
aetna,aetna.com,1853.0,insurance,10001+,"hartford, connecticut, united states",united states
enterprise rent-a-car,enterprise.com,1957.0,automotive,10001+,"hillsborough, new hampshire, united states",united states
bristol-myers squibb,bms.com,1887.0,pharmaceuticals,10001+,"new york, new york, united states",united states
us department of homeland security,dhs.gov,2003.0,government administration,10001+,"washington, district of columbia, united states",united states
new york life insurance company,newyorklife.com,1845.0,financial services,10001+,"new york, new york, united states",united states
weatherford,weatherford.com,1987.0,oil & energy,10001+,"houston, texas, united states",united states
fluor corporation,fluor.com,1912.0,construction,10001+,"irving, texas, united states",united states
hca,hcahealthcare.com,1968.0,hospital & health care,10001+,"nashville, tennessee, united states",united states
dupont,dupont.com,1802.0,chemicals,10001+,"wilmington, delaware, united states",united states
sears holdings corporation,searsholdings.com,2005.0,retail,10001+,"hoffman estates, illinois, united states",united states
cleveland clinic,clevelandclinic.org,1921.0,hospital & health care,10001+,"cleveland, ohio, united states",united states
kohl's department stores,kohls.com,1962.0,retail,10001+,"menomonee falls, wisconsin, united states",united states
humana,humana.com,1961.0,insurance,10001+,"louisville, kentucky, united states",united states
primerica,primerica.com,1977.0,financial services,10001+,"duluth, georgia, united states",united states
coldwell banker residential brokerage,coldwellbanker.com,1906.0,real estate,10001+,"madison, new jersey, united states",united states
faa,faa.gov,1958.0,aviation & aerospace,10001+,"washington, district of columbia, united states",united states
university of michigan,umich.edu,1817.0,higher education,10001+,"ann arbor, michigan, united states",united states
fis,fisglobal.com,,information technology and services,10001+,"jacksonville, florida, united states",united states
ge power,gepower.com,,oil & energy,10001+,"schenectady, new york, united states",united states
epam systems,epam.com,1993.0,computer software,10001+,"newtown, pennsylvania, united states",united states
jcpenney,jcpenney.com,1902.0,retail,10001+,"plano, texas, united states",united states
boston scientific,bostonscientific.com,1979.0,medical devices,10001+,"marlborough, massachusetts, united states",united states
lenovo,lenovo.com,2005.0,computer hardware,10001+,"morrisville, north carolina, united states",united states
amazon web services,,2006.0,information technology and services,10001+,"seattle, washington, united states",united states
philip morris international,pmi.com,2008.0,tobacco,10001+,"new york, new york, united states",united states
alstom,alstom.com,1928.0,railroad manufacture,10001+,"washington, pennsylvania, united states",united states
cummins inc.,cummins.com,1919.0,automotive,10001+,"columbus, indiana, united states",united states
centurylink,centurylink.com,1930.0,telecommunications,10001+,"monroe, louisiana, united states",united states
amgen,amgen.com,1980.0,biotechnology,10001+,"thousand oaks, california, united states",united states
cvs pharmacy,,1963.0,pharmaceuticals,10001+,"woonsocket, rhode island, united states",united states
ncr corporation,ncr.com,1884.0,information technology and services,10001+,"duluth, georgia, united states",united states
amdocs,amdocs.com,1982.0,telecommunications,10001+,"chesterfield, missouri, united states",united states
abbvie,abbvie.com,2013.0,pharmaceuticals,10001+,"north chicago, illinois, united states",united states
arcelormittal,arcelormittal.com,2006.0,mining & metals,10001+,"none, south carolina, united states",united states
aramark,aramark.com,1939.0,retail,10001+,"philadelphia, pennsylvania, united states",united states
samsung,,1969.0,consumer electronics,10001+,"new york, new york, united states",united states
cerner corporation,cerner.com,1979.0,information technology and services,10001+,"kansas city, missouri, united states",united states
kimberly-clark,careersatkc.com,1872.0,consumer goods,10001+,"seminole, texas, united states",united states
agilent technologies,agilent.com,1999.0,biotechnology,10001+,"santa clara, california, united states",united states
upwork,upwork.com,2015.0,internet,10001+,"mountain view, california, united states",united states
whole foods market,wholefoodsmarket.com,1980.0,supermarkets,10001+,"austin, texas, united states",united states
comcast cable,,1963.0,telecommunications,10001+,"philadelphia, pennsylvania, united states",united states
southwest airlines,southwest.com,1971.0,airlines/aviation,10001+,"dallas, texas, united states",united states
stryker,stryker.com,1941.0,medical devices,10001+,"kalamazoo, michigan, united states",united states
international mission of mercy (imm),immusa.org,1991.0,public relations and communications,10001+,"morristown, new jersey, united states",united states
bank of america merrill lynch,bofaml.com,,financial services,10001+,"charlotte, north carolina, united states",united states
publix super markets,publix.com,1930.0,retail,10001+,"lakeland, florida, united states",united states
youtube,youtube.com,2005.0,internet,10001+,"san bruno, california, united states",united states
u.s. department of state,state.gov,,international affairs,10001+,"washington, district of columbia, united states",united states
mars,mars.com,1911.0,food production,10001+,"mclean, virginia, united states",united states
usaa,usaa.com,1922.0,financial services,10001+,"san antonio, texas, united states",united states
chicago public schools,cps.edu,1837.0,education management,10001+,"chicago, illinois, united states",united states
fresenius medical care,fmcna.com,1996.0,hospital & health care,10001+,"waltham, massachusetts, united states",united states
cushman & wakefield,cushmanwakefield.com,1917.0,commercial real estate,10001+,"chicago, illinois, united states",united states
cigna,cigna.com,1982.0,"health, wellness and fitness",10001+,"bloomfield, connecticut, united states",united states
ymca,ymca.net,1844.0,non-profit organization management,10001+,"chicago, illinois, united states",united states
prudential financial,prudential.com,1875.0,financial services,10001+,"newark, new jersey, united states",united states
bosch,bosch.com,1886.0,mechanical or industrial engineering,10001+,"garfield, new jersey, united states",united states
rodan + fields,rodanandfields.com,2002.0,consumer goods,10001+,"san francisco, california, united states",united states
rr donnelley,rrdonnelley.com,1864.0,printing,10001+,"chicago, illinois, united states",united states
vmware,vmware.com,1998.0,computer software,10001+,"palo alto, california, united states",united states
penn state university,psu.edu,1855.0,higher education,10001+,"university park, pennsylvania, united states",united states
texas instruments,ti.com,1930.0,semiconductors,10001+,"dallas, texas, united states",united states
baxter international inc.,baxter.com,1931.0,medical devices,10001+,"deerfield, illinois, united states",united states
cardinal health,cardinalhealth.com,1971.0,hospital & health care,10001+,"dublin, ohio, united states",united states
amway,amwayglobal.com,1959.0,consumer goods,10001+,"ada, michigan, united states",united states
bb&t,bbt.com,1872.0,financial services,10001+,"winston salem, north carolina, united states",united states
saic,saic.com,2013.0,information technology and services,10001+,"mclean, virginia, united states",united states
bureau veritas,bureauveritas.com,1828.0,environmental services,10001+,"sunrise, florida, united states",united states
sas,sas.com,1976.0,computer software,10001+,"cary, north carolina, united states",united states
coldwell banker,,1906.0,real estate,10001+,"madison, new jersey, united states",united states
monsanto company,monsanto.com,2000.0,farming,10001+,"st. louis, missouri, united states",united states
manpowergroup,manpowergroup.com,1948.0,staffing and recruiting,10001+,"milwaukee, wisconsin, united states",united states
american red cross,redcross.org,1881.0,non-profit organization management,10001+,"washington, district of columbia, united states",united states
kelly services,kellyservices.com,1946.0,staffing and recruiting,10001+,"troy, michigan, united states",united states
time warner cable,timewarnercable.com,1989.0,telecommunications,10001+,"new york, new york, united states",united states
adobe,adobe.com,1982.0,computer software,10001+,"san jose, california, united states",united states
university of florida,ufl.edu,1853.0,higher education,10001+,"gainesville, florida, united states",united states
ecolab,ecolab.com,,chemicals,10001+,"st paul, kentucky, united states",united states
university of minnesota,umn.edu,1851.0,higher education,10001+,"st paul, kentucky, united states",united states
"ameriprise financial services, inc.",ameriprise.com,1894.0,financial services,10001+,"de pere, wisconsin, united states",united states
progressive insurance,progressive.com,1937.0,insurance,10001+,"bay village, ohio, united states",united states
the ohio state university,osu.edu,1870.0,higher education,10001+,"columbus, ohio, united states",united states
"anthem, inc.",antheminc.com,,insurance,10001+,"indianapolis, indiana, united states",united states
safeway,safeway.com,1915.0,food & beverages,10001+,"pleasanton, california, united states",united states
national oilwell varco,nov.com,1841.0,oil & energy,10001+,"seminole, texas, united states",united states
walt disney world,waltdisneyworld.jobs,1971.0,entertainment,10001+,"lake buena vista, florida, united states",united states
staples,staples.com,1986.0,business supplies and equipment,10001+,"framingham, massachusetts, united states",united states
the salvation army,salvationarmyusa.org,1865.0,non-profit organization management,10001+,"nassau, new york, united states",united states
barclays investment bank,,,financial services,10001+,"new york, new york, united states",united states
sherwin williams,sherwin-williams.com,1866.0,chemicals,10001+,"cleveland, ohio, united states",united states
motorola,motorola.com,1928.0,consumer electronics,10001+,"chicago, illinois, united states",united states
stanford university,stanford.edu,,higher education,10001+,"stanford, california, united states",united states
mercer,mercer.com,,human resources,10001+,"new york, new york, united states",united states
genentech,gene.com,1976.0,biotechnology,10001+,"south san francisco, california, united states",united states
bd,bd.com,1897.0,medical devices,10001+,"franklin lakes, new jersey, united states",united states
duke energy corporation,duke-energy.com,1904.0,utilities,10001+,"charlotte, north carolina, united states",united states
teksystems,teksystems.com,1983.0,information technology and services,10001+,"hanover, maryland, united states",united states
century 21®,century21.com,1971.0,real estate,10001+,"madison, new jersey, united states",united states
colgate palmolive,colgate.com,1806.0,consumer goods,10001+,"new york, new york, united states",united states
ge aviation,geaviation.com,,airlines/aviation,10001+,"cincinnati, ohio, united states",united states
tesla,teslamotors.com,2003.0,automotive,10001+,"palo alto, california, united states",united states
u.s. coast guard,uscg.mil,1915.0,military,10001+,"washington, district of columbia, united states",united states
the janssen pharmaceutical companies of johnson & johnson,janssen.com,,pharmaceuticals,10001+,"raritan, new jersey, united states",united states
charter communications,charter.com,1993.0,telecommunications,10001+,"stamford, connecticut, united states",united states
re/max,remax.com,1973.0,real estate,10001+,"denver, colorado, united states",united states
jabil,jabil.com,1966.0,electrical/electronic manufacturing,10001+,"st. petersburg, florida, united states",united states
us government,gao.gov,,government administration,10001+,"washington, district of columbia, united states",united states
pizza hut,pizzahut.com,1958.0,restaurants,10001+,"plano, texas, united states",united states
emerson automation solutions,emerson.com,,mechanical or industrial engineering,10001+,"round rock, texas, united states",united states
the boston consulting group (bcg),bcg.com,1963.0,management consulting,10001+,"boston, massachusetts, united states",united states
l-3 communications,l3design.eu,1997.0,management consulting,10001+,"new york, new york, united states",united states
davita,davita.com,1999.0,hospital & health care,10001+,"denver, colorado, united states",united states
lear corporation,lear.com,1917.0,automotive,10001+,"southfield, michigan, united states",united states
rockwell automation,rockwellautomation.com,1903.0,industrial automation,10001+,"milwaukee, wisconsin, united states",united states
wells fargo advisors,wellsfargoadvisors.com,,financial services,10001+,"st. louis, missouri, united states",united states
texas a&m university,tamu.edu,1876.0,higher education,10001+,"college station, texas, united states",united states
bloomberg lp,bloomberg.com,1981.0,financial services,10001+,"new york, new york, united states",united states
arizona state university,asu.edu,1885.0,higher education,10001+,"tempe, arizona, united states",united states
ppg industries,ppg.com,1883.0,chemicals,10001+,"pittsburgh, pennsylvania, united states",united states
fiserv,fiserv.com,1984.0,information technology and services,10001+,"brookfield, wisconsin, united states",united states
conocophillips,conocophillips.com,2012.0,oil & energy,10001+,"houston, texas, united states",united states
michigan state university,msu.edu,,higher education,10001+,"east lansing, michigan, united states",united states
suntrust bank,suntrust.com,1891.0,financial services,10001+,"atlanta, georgia, united states",united states
rockwell collins,rockwellcollins.com,1933.0,aviation & aerospace,10001+,"cedar rapids, iowa, united states",united states
office depot,officedepot.com,1986.0,business supplies and equipment,10001+,"boca raton, florida, united states",united states
manulife,manulife.com,,financial services,10001+,"riverside, california, united states",united states
ceva logistics,cevalogistics.com,2006.0,logistics and supply chain,10001+,"hoofddorp, north holland, netherlands",united states
"nbcuniversal media, llc",nbcuniversal.com,1926.0,entertainment,10001+,"new york, new york, united states",united states
university of phoenix,phoenix.edu,1976.0,higher education,10001+,"tempe, arizona, united states",united states
sutherland global services,sutherlandglobal.com,1986.0,outsourcing/offshoring,10001+,"rochester, new york, united states",united states
harvard university,harvard.edu,,higher education,10001+,"cambridge, massachusetts, united states",united states
mary kay cosmetics,kirstirice.com,,professional training & coaching,10001+,"albany, new york, united states",united states
ucla,ucla.edu,1919.0,higher education,10001+,"los angeles, california, united states",united states
international paper,internationalpaper.com,,paper & forest products,10001+,"memphis, tennessee, united states",united states
geico,geico.jobs,1936.0,insurance,10001+,"chevy chase, maryland, united states",united states
ch2m hill,ch2m.com,1946.0,civil engineering,10001+,"englewood, colorado, united states",united states
kellogg company,kelloggcompany.com,1906.0,consumer goods,10001+,"battle creek, michigan, united states",united states
purdue university,purdue.edu,1869.0,higher education,10001+,"west lafayette, indiana, united states",united states
columbia university in the city of new york,columbia.edu,,higher education,10001+,"new york, new york, united states",united states
chase,chase.com,,financial services,10001+,"new york, new york, united states",united states
providence health & services,providence.org,1859.0,hospital & health care,10001+,"renton, washington, united states",united states
university of illinois at urbana-champaign,illinois.edu,1867.0,higher education,10001+,"champaign, illinois, united states",united states
whirlpool corporation,whirlpoolcorp.com,1911.0,consumer goods,10001+,"benton harbor, michigan, united states",united states
university of southern california,usc.edu,1880.0,research,10001+,"los angeles, california, united states",united states
rite aid,riteaid.com,1968.0,retail,10001+,"harrisburg, pennsylvania, united states",united states
state of california,stateofcalifornia.gov,1850.0,government administration,10001+,"sacramento, california, united states",united states
vanguard,vanguard.com,1975.0,financial services,10001+,"valley forge, pennsylvania, united states",united states
enterprise holdings,enterpriseholdings.com,,"leisure, travel & tourism",10001+,"st. louis, missouri, united states",united states
leidos,leidos.com,1969.0,information technology and services,10001+,"reston, virginia, united states",united states
blackrock,blackrock.com,1988.0,financial services,10001+,"new york, new york, united states",united states
mckesson,mckesson.com,1833.0,hospital & health care,10001+,"san francisco, california, united states",united states
robert bosch,bosch.us,1906.0,mechanical or industrial engineering,10001+,"farmington hills, michigan, united states",united states
us army corps of engineers,,,military,10001+,"washington, district of columbia, united states",united states
united states army reserve,,1908.0,military,10001+,"fort bragg, north carolina, united states",united states
regions bank,regions.com,1971.0,banking,10001+,"birmingham, alabama, united states",united states
the university of texas at austin,utexas.edu,1883.0,higher education,10001+,"austin, texas, united states",united states
ppd,ppd.com,1985.0,pharmaceuticals,10001+,"wilmington, north carolina, united states",united states
grant thornton llp,grantthornton.com,1924.0,accounting,10001+,"chicago, illinois, united states",united states
the hartford,thehartford.com,1810.0,financial services,10001+,"hartford, connecticut, united states",united states
nasa,nasa.gov,1958.0,aviation & aerospace,10001+,"washington, district of columbia, united states",united states
new york university,nyu.edu,1831.0,higher education,10001+,"new york, new york, united states",united states
university of pennsylvania,upenn.edu,,higher education,10001+,"philadelphia, pennsylvania, united states",united states
paypal,paypal.com,1998.0,internet,10001+,"san jose, california, united states",united states
the goodyear tire & rubber company,goodyear.com,1898.0,automotive,10001+,"akron, ohio, united states",united states
fifth third bank,53.com,1858.0,financial services,10001+,"cincinnati, ohio, united states",united states
wells fargo home mortgage,,,banking,10001+,"des moines, iowa, united states",united states
symantec,symantec.com,1982.0,computer software,10001+,"mountain view, california, united states",united states
unicef,unicef.org,1946.0,non-profit organization management,10001+,"new york, new york, united states",united states
uc berkeley,berkeley.edu,1868.0,higher education,10001+,"berkeley, california, united states",united states
"starwood hotels & resorts worldwide, inc.",starwoodhotels.com,1980.0,hospitality,10001+,"stamford, connecticut, united states",united states
quest diagnostics,questdiagnostics.com,1967.0,hospital & health care,10001+,"madison, new jersey, united states",united states
sam's club,samsclub.com,,retail,10001+,"bentonville, arkansas, united states",united states
rutgers university,rutgers.edu,,higher education,10001+,"new brunswick, new jersey, united states",united states
ge capital,gecapital.com,,financial services,10001+,"norwalk, connecticut, united states",united states
westpac,westpac.com.au,1817.0,banking,10001+,"new york, new york, united states",united states
northern trust corporation,northerntrust.com,1889.0,financial services,10001+,"chicago, illinois, united states",united states
university of wisconsin-madison,wisc.edu,,higher education,10001+,"madison, wisconsin, united states",united states
general mills,generalmills.com,1928.0,consumer goods,10001+,"minneapolis, minnesota, united states",united states
aim,,1962.0,retail,10001+,"bentonville, arkansas, united states",united states
unisys,unisys.com,,information technology and services,10001+,"blue bell, pennsylvania, united states",united states
burger king corporation,bk.com,1954.0,restaurants,10001+,"miami, florida, united states",united states
tetra pak,tetrapak.com,,packaging and containers,10001+,"hull, iowa, united states",united states
banner health,bannerhealth.com,1999.0,hospital & health care,10001+,"phoenix, arizona, united states",united states
upmc,upmc.com,1986.0,hospital & health care,10001+,"pittsburgh, pennsylvania, united states",united states
american family insurance,amfam.com,1927.0,insurance,10001+,"madison, wisconsin, united states",united states
aerotek,aerotek.com,1983.0,staffing and recruiting,10001+,"hanover, maryland, united states",united states
m&t bank,mtb.com,1856.0,financial services,10001+,"buffalo, new york, united states",united states
visa,visa.com,1958.0,information technology and services,10001+,"san francisco, california, united states",united states
marsh,marsh.com,,insurance,10001+,"new york, new york, united states",united states
cintas,cintas.com,1968.0,facilities services,10001+,"cincinnati, ohio, united states",united states
centers for disease control and prevention,cdc.gov,1946.0,government administration,10001+,"atlanta, georgia, united states",united states
applied materials,appliedmaterials.com,1967.0,semiconductors,10001+,"santa clara, california, united states",united states
ebay,ebayinc.com,1995.0,internet,10001+,"san jose, california, united states",united states
first data corporation,firstdata.com,1971.0,financial services,10001+,"atlanta, georgia, united states",united states
charles schwab,schwab.com,1973.0,financial services,10001+,"san francisco, california, united states",united states
parker hannifin,parker.com,1918.0,mechanical or industrial engineering,10001+,"cleveland, ohio, united states",united states
advocare,advocare.com,1993.0,"health, wellness and fitness",10001+,"plano, texas, united states",united states
the world bank,worldbank.org,1944.0,international trade and development,10001+,"washington, district of columbia, united states",united states
fairfax county public schools,fcps.edu,,primary/secondary education,10001+,"falls church, virginia, united states",united states
procter & gamble,,1837.0,consumer goods,10001+,"cincinnati, ohio, united states",united states
us forest service,fs.fed.us,1905.0,government administration,10001+,"washington, district of columbia, united states",united states
victoria's secret,victoriassecret.com,1977.0,retail,10001+,"reynoldsburg, ohio, united states",united states
mastercard,mastercard.com,1966.0,information technology and services,10001+,"purchase, new york, united states",united states
waste management,wm.com,1894.0,environmental services,10001+,"houston, texas, united states",united states
massachusetts general hospital,massgeneral.org,1811.0,hospital & health care,10001+,"boston, massachusetts, united states",united states
world vision,wvi.org,1950.0,non-profit organization management,10001+,"monrovia, california, united states",united states
syntel,syntelinc.com,1980.0,information technology and services,10001+,"troy, michigan, united states",united states
northwell health,northwell.edu,1997.0,hospital & health care,10001+,"lake success, new york, united states",united states
hyatt hotels corporation,hyatt.com,1957.0,hospitality,10001+,"chicago, illinois, united states",united states
"alcon, a novartis company",alcon.com,1945.0,pharmaceuticals,10001+,"fort worth, texas, united states",united states
bechtel corporation,bechtel.com,1898.0,construction,10001+,"san francisco, california, united states",united states
pacific gas and electric company,pge.com,,utilities,10001+,"san francisco, california, united states",united states
ingram micro,ingrammicro.com,1979.0,information technology and services,10001+,"irvine, california, united states",united states
nxp semiconductors,nxp.com,2006.0,semiconductors,10001+,"brabant, west virginia, united states",united states
emerson,,1890.0,mechanical or industrial engineering,10001+,"st. louis, missouri, united states",united states
dollar general,dollargeneral.com,1939.0,retail,10001+,"goodlettsville, tennessee, united states",united states
cornell university,cornell.edu,,higher education,10001+,"ithaca, new york, united states",united states
msd,msd.com,,pharmaceuticals,10001+,"kenilworth, new jersey, united states",united states
aurora health care,aurorahealthcare.org,,hospital & health care,10001+,"milwaukee, wisconsin, united states",united states
panera bread,panerapeople.com,1981.0,restaurants,10001+,"st. louis, missouri, united states",united states
massachusetts institute of technology (mit),mit.edu,1861.0,higher education,10001+,"cambridge, massachusetts, united states",united states
sutter health,sutterhealth.org,,hospital & health care,10001+,"sacramento, california, united states",united states
miami-dade county public schools,dadeschools.net,1885.0,education management,10001+,"miami, florida, united states",united states
citizens bank,citizensbank.com,1828.0,banking,10001+,"providence, rhode island, united states",united states
university of maryland,umd.edu,1856.0,higher education,10001+,"college park, maryland, united states",united states
"expedia, inc.",lifeatexpedia.com,1996.0,internet,10001+,"bellevue, washington, united states",united states
"kbr, inc.",kbr.com,1919.0,construction,10001+,"houston, texas, united states",united states
arbonne international llc,arbonne.com,1975.0,consumer goods,10001+,"irvine, california, united states",united states
undp,undp.org,1974.0,international affairs,10001+,"new york, new york, united states",united states
sitel,sitel.com,1985.0,outsourcing/offshoring,10001+,"nashville, tennessee, united states",united states
infor,infor.com,2003.0,computer software,10001+,"new york, new york, united states",united states
"university of california, san diego",ucsd.edu,1960.0,higher education,10001+,"la jolla, california, united states",united states
ucsf,ucsf.edu,1873.0,research,10001+,"san francisco, california, united states",united states
domino's pizza,dominos.com,1960.0,restaurants,10001+,"ann arbor, michigan, united states",united states
state farm agent,,1922.0,insurance,10001+,"bloomington, illinois, united states",united states
gartner,gartner.com,1979.0,information technology and services,10001+,"stamford, connecticut, united states",united states
parexel,parexel.com,1982.0,pharmaceuticals,10001+,"waltham, massachusetts, united states",united states
micron technology,micron.com,1978.0,semiconductors,10001+,"boise, idaho, united states",united states
ca technologies,ca.com,1976.0,computer software,10001+,"new york, new york, united states",united states
the estée lauder companies inc.,elcompanies.jobs,1946.0,cosmetics,10001+,"new york, new york, united states",united states
seagate technology,seagate.com,1979.0,computer hardware,10001+,"cupertino, california, united states",united states
ricoh americas corporation,ricoh-usa.com,1962.0,information technology and services,10001+,"malvern, pennsylvania, united states",united states
university of pittsburgh,pitt.edu,,higher education,10001+,"pittsburgh, pennsylvania, united states",united states
md anderson cancer center,cancerpreventiontraining.org,1944.0,hospital & health care,10001+,"houston, texas, united states",united states
sanmina,sanmina.com,1980.0,electrical/electronic manufacturing,10001+,"san jose, california, united states",united states
uc davis,ucdavis.edu,1908.0,higher education,10001+,"davis, california, united states",united states
atento,atento.com,1999.0,telecommunications,10001+,"madrid, madrid, spain",united states
rsm us llp,rsmus.com,1926.0,accounting,10001+,"chicago, illinois, united states",united states
state of michigan,michigan.gov,1837.0,government administration,10001+,"lansing, michigan, united states",united states
verizon business,verizonenterprise.com,1988.0,information technology and services,10001+,"basking ridge, new jersey, united states",united states
pratt & whitney,utc.com,1925.0,aviation & aerospace,10001+,"east hartford, connecticut, united states",united states
us air force reserve,afreserve.com,1948.0,military,10001+,"tinker afb, oklahoma, united states",united states
intermountain healthcare,,1975.0,hospital & health care,10001+,"murray, utah, united states",united states
the kraft heinz company,kraftheinzcompany.com,2015.0,food & beverages,10001+,"pittsburgh, pennsylvania, united states",united states
cb&i,cbi.com,1889.0,oil & energy,10001+,"the woodlands, texas, united states",united states
usda,usda.gov,1862.0,government administration,10001+,"washington, district of columbia, united states",united states
national institutes of health,nih.gov,1887.0,research,10001+,"bethesda, maryland, united states",united states
kindred healthcare,kindredhealthcare.com,1985.0,hospital & health care,10001+,"louisville, kentucky, united states",united states
home instead senior care,homeinstead.com,1994.0,individual & family services,10001+,"omaha, nebraska, united states",united states
tyson foods,tysonfoods.com,1935.0,food production,10001+,"springdale, arkansas, united states",united states
clark county school district,ccsd.net,1956.0,education management,10001+,"las vegas, nevada, united states",united states
meb,mebapts.com,1998.0,real estate,10001+,"tucson, arizona, united states",united states
concentrix,concentrix.com,1983.0,outsourcing/offshoring,10001+,"fremont, california, united states",united states
paychex,paychex.com,1971.0,human resources,10001+,"rochester, new york, united states",united states
union pacific railroad,up.com,1862.0,transportation/trucking/railroad,10001+,"omaha, nebraska, united states",united states
gap inc.,gapinc.com,1969.0,retail,10001+,"san francisco, california, united states",united states
sysco,sysco.com,1970.0,food & beverages,10001+,"houston, texas, united states",united states
grainger,grainger.com,1927.0,business supplies and equipment,10001+,"lake forest, illinois, united states",united states
colliers international,colliers.com,1976.0,commercial real estate,10001+,"seattle, washington, united states",united states
indiana university bloomington,iub.edu,1820.0,higher education,10001+,"bloomington, indiana, united states",united states
urs corporation,urs.com,,civil engineering,10001+,"san francisco, california, united states",united states
carolinas healthcare system,carolinashealthcare.org,1943.0,hospital & health care,10001+,"charlotte, north carolina, united states",united states
motorola solutions,motorolasolutions.com,1928.0,information technology and services,10001+,"schaumburg, illinois, united states",united states
petsmart,petsmart.com,1987.0,retail,10001+,"phoenix, arizona, united states",united states
memorial sloan kettering cancer center,mskcc.org,1884.0,hospital & health care,10001+,"new york, new york, united states",united states
zimmer biomet,zimmerbiomet.com,1927.0,medical devices,10001+,"warsaw, indiana, united states",united states
netapp,netapp.com,1992.0,information technology and services,10001+,"sunnyvale, california, united states",united states
university of illinois at chicago,uic.edu,1965.0,higher education,10001+,"chicago, illinois, united states",united states
avaya,avaya.com,2000.0,telecommunications,10001+,"santa clara, california, united states",united states
beaumont health system,beaumont.org,,hospital & health care,10001+,"royal oak, michigan, united states",united states
c.h. robinson,chrobinson.com,1905.0,logistics and supply chain,10001+,"eden prairie, minnesota, united states",united states
bnsf railway,bnsf.com,,transportation/trucking/railroad,10001+,"fort worth, texas, united states",united states
university of north carolina at chapel hill,unc.edu,,higher education,10001+,"chapel hill, north carolina, united states",united states
us foods,usfoods.com,,food & beverages,10001+,"rosemont, illinois, united states",united states
u.s. department of justice,usdoj.gov,,law practice,10001+,"washington, district of columbia, united states",united states
houston isd,houstonisd.org,1879.0,education management,10001+,"houston, texas, united states",united states
"the tjx companies, inc.",tjx.com,1956.0,retail,10001+,"framingham, massachusetts, united states",united states
northwestern university,northwestern.edu,1851.0,higher education,10001+,"evanston, illinois, united states",united states
harris corporation,harris.com,1895.0,defense & space,10001+,"melbourne, florida, united states",united states
utc aerospace systems,utcaerospacesystems.com,2012.0,aviation & aerospace,10001+,"charlotte, north carolina, united states",united states
express scripts,express-scripts.com,1986.0,hospital & health care,10001+,"st. louis, missouri, united states",united states
infineon technologies,infineon.com,1999.0,semiconductors,10001+,"neubiberg, bayern, germany",united states
caci international inc,caci.com,1962.0,information technology and services,10001+,"arlington, virginia, united states",united states
hertz,hertz.com,1918.0,"leisure, travel & tourism",10001+,"naples, florida, united states",united states
adt,adt.com,1874.0,security and investigations,10001+,"boca raton, florida, united states",united states
"the ritz-carlton hotel company, l.l.c.",ritzcarlton.com,1983.0,hospitality,10001+,"orlando, florida, united states",united states
robert half,roberthalf.com,1948.0,staffing and recruiting,10001+,"menlo park, california, united states",united states
nyu langone medical center,nyulangone.org,1841.0,hospital & health care,10001+,"new york, new york, united states",united states
mercy,mercy.net,1986.0,hospital & health care,10001+,"chesterfield, missouri, united states",united states
the university of arizona,arizona.edu,1890.0,higher education,10001+,"tucson, arizona, united states",united states
university of south florida,usf.edu,1956.0,higher education,10001+,"tampa, florida, united states",united states
colorado state university,colostate.edu,1870.0,higher education,10001+,"fort collins, colorado, united states",united states
cox communications,cox.com,1984.0,broadcast media,10001+,"atlanta, georgia, united states",united states
young living essential oils,youngliving.com,1993.0,"health, wellness and fitness",10001+,"lehi, utah, united states",united states
"royal caribbean cruises, ltd.",royalcaribbean.com,1968.0,"leisure, travel & tourism",10001+,"miami, florida, united states",united states
north carolina state university,ncsu.edu,1887.0,higher education,10001+,"raleigh, north carolina, united states",united states
diebold nixdorf,diebold.com,1859.0,financial services,10001+,"north canton, ohio, united states",united states
university of cincinnati,uc.edu,1819.0,higher education,10001+,"cincinnati, ohio, united states",united states
fda,fda.gov,1906.0,government administration,10001+,"silver spring, maryland, united states",united states
ust global,ust-global.com,1999.0,information technology and services,10001+,"aliso viejo, california, united states",united states
ge oil & gas,geoilandgas.com,,oil & energy,10001+,"houston, texas, united states",united states
deloitte consulting,,,management consulting,10001+,"new york, new york, united states",united states
ntt data services,nttdata.com,1965.0,information technology and services,10001+,"plano, texas, united states",united states
taco bell,tacobell.com,,restaurants,10001+,"irvine, california, united states",united states
georgia-pacific llc,gp.com,1927.0,paper & forest products,10001+,"atlanta, georgia, united states",united states
igate,igate.com,1978.0,information technology and services,10001+,"bridgewater, new jersey, united states",united states
"stanley black & decker, inc.",stanleyblackanddecker.com,1843.0,consumer goods,10001+,"new britain, connecticut, united states",united states
spectrum health,spectrumhealth.org,1997.0,hospital & health care,10001+,"grand rapids, michigan, united states",united states
arthur j. gallagher & co.,ajg.com,1927.0,insurance,10001+,"rolling meadows, illinois, united states",united states
new york-presbyterian hospital,,,hospital & health care,10001+,"new york, new york, united states",united states
raymond james,raymondjames.com,1962.0,financial services,10001+,"st. petersburg, florida, united states",united states
florida hospital,floridahospital.com,1908.0,hospital & health care,10001+,"orlando, florida, united states",united states
pra health sciences,prahs.com,1976.0,research,10001+,"raleigh, north carolina, united states",united states
it works global,itworks.com,2001.0,"health, wellness and fitness",10001+,"palmetto, florida, united states",united states
meijer,meijer.com,1934.0,retail,10001+,"grand rapids, michigan, united states",united states
labcorp,labcorp.com,,hospital & health care,10001+,"burlington, north carolina, united states",united states
ups supply chain solutions,ups-scs.com,1907.0,logistics and supply chain,10001+,"cobb, georgia, united states",united states
aricent,aricent.com,2006.0,outsourcing/offshoring,10001+,"redwood city, california, united states",united states
duke university,duke.edu,,higher education,10001+,"durham, north carolina, united states",united states
heb,heb.com,1905.0,retail,10001+,"san antonio, texas, united states",united states
parsons corporation,parsons.com,1944.0,civil engineering,10001+,"pasadena, california, united states",united states
keybank,key.com,1849.0,banking,10001+,"cleveland, ohio, united states",united states
experian,experian.com,1980.0,information services,10001+,"costa mesa, california, united states",united states
dominion,dominionenergy.com,,utilities,10001+,"richmond, virginia, united states",united states
dyncorp international,dyn-intl.com,1951.0,defense & space,10001+,"mclean, virginia, united states",united states
massmutual financial group,massmutual.com,1851.0,financial services,10001+,"springfield, massachusetts, united states",united states
cameron,c-a-m.com,1833.0,oil & energy,10001+,"houston, texas, united states",united states
dignity health,dignityhealth.org,,hospital & health care,10001+,"san francisco, california, united states",united states
ralph lauren,ralphlauren.com,1968.0,apparel & fashion,10001+,"new york, new york, united states",united states
"penn medicine, university of pennsylvania health system",pennmedicine.org,,hospital & health care,10001+,"philadelphia, pennsylvania, united states",united states
maxim healthcare services,maximhealthcare.com,1988.0,hospital & health care,10001+,"columbia, maryland, united states",united states
nerium international,nerium.com,2011.0,cosmetics,10001+,"addison, texas, united states",united states
red hat,redhat.com,1993.0,computer software,10001+,"raleigh, north carolina, united states",united states
georgia institute of technology,gatech.edu,1888.0,higher education,10001+,"atlanta, georgia, united states",united states
electronic arts (ea),ea.com,1982.0,entertainment,10001+,"redwood city, california, united states",united states
earthlink,earthlinkbusiness.com,1994.0,information technology and services,10001+,"atlanta, georgia, united states",united states
orange county public schools,ocps.net,,primary/secondary education,10001+,"orlando, florida, united states",united states
johns hopkins university,jhu.edu,1876.0,higher education,10001+,"baltimore, maryland, united states",united states
"ross stores, inc.",rossstores.com,1957.0,retail,10001+,"dublin, california, united states",united states
department of education,ed.gov,1980.0,government administration,10001+,"washington, district of columbia, united states",united states
pitney bowes,pitneybowes.com,1920.0,information technology and services,10001+,"stamford, connecticut, united states",united states
china mobile,chinamobileltd.com,1997.0,telecommunications,10001+,"los angeles, california, united states",united states
